producer_id,company,plant,location,nominal_capacity_t,capacity_basis,status,status_as_of,published_at,source,url,confidence,note
yadong,Inner Mongolia Wuhai Yadong Fine Chemical (内蒙古乌海亚东精细化工),Wuhai,Inner Mongolia,20000,news/broker,operating,2026-09-01,2026-09-01,news.qq.com,https://news.qq.com/rain/a/20260901A04MSB00,0.8,"Largest producer (>30% of effective supply per Minsheng, Jun 2025). Accidents Apr & Jun 2025. Quoting ex-works 150,000 CNY/t on 1 Sep 2026, i.e. selling."
chuyuan,Hubei Chuyuan High-Tech (楚源高新科技集团),,Hubei,30000,news/broker,reduced,2025-06-09,2025-06-09,sina.cn,https://www.sina.cn/news/detail/5175711499290401.html,0.6,Environmental rectification output cut (2025). Listed among Baiinfo daily H-Acid quote providers in Sep 2026.
yuyuan,Shandong Yuyuan (山东裕源),,Shandong,10000,news/broker,shutdown,2025-06-09,2025-06-09,sina.cn,https://www.sina.cn/news/detail/5175711499290401.html,0.6,Shut under environmental controls (2025).
longsheng,Zhejiang Longsheng (浙江龙盛),Inner Mongolia subsidiary,Inner Mongolia,20000,company statement (approved),trial,2025-07-07,2025-07-07,bhi.com.cn,https://www.bhi.com.cn/News/ShowDetails.aspx?columns=31&id=90111841,0.8,"20,000 t/yr approved; 10,000 t/yr line built, partly in trial production (Jul 2025)."
runtu,Zhejiang Runtu - Jiangsu Mingsheng (闰土股份/江苏明盛),Jiangsu Mingsheng,Jiangsu,20000,broker,shutdown,2025-07-07,2025-07-07,bhi.com.cn,https://www.bhi.com.cn/News/ShowDetails.aspx?columns=31&id=90111841,0.8,Plant idle since 2023; restart timing undetermined (company statement Jul 2025).
jihua,Jihua Group (吉华集团),,Zhejiang,20000,broker,shutdown,2025-07-01,2025-07-01,cls.cn,https://www.cls.cn/detail/2072977,0.8,H-Acid unit stopped (Jul 2025); still stopped per CLS 15 Apr 2026.
jinji,Jinji (锦鸡股份),,China,8000,company filing,trial,2025-06-10,2025-06-10,sfccn.com,https://www.sfccn.com/2025/6-10/4MMDE1MjBfMjAzODA4MA.html,0.9,Trial-production filing Jun 2025; no public start-up news as of 15 Apr 2026 (CLS).
liyuan,Inner Mongolia Liyuan Technology (内蒙古利元科技),Tengger Industrial Park,"Alxa League, Inner Mongolia",,unverified,shutdown,2026-03-19,2026-03-19,jiemian.com,https://www.jiemian.com/article/14134926.html,0.7,Nitration workshop explosion 19 Mar 2026; affected line shut. H-Acid capacity figure not verified.
hexin,Dachaidan Hexin Technology (大柴旦和信科技),Da Qaidam,Qinghai,,unknown,operating,2026-08-31,2026-09-01,news.qq.com,https://news.qq.com/rain/a/20260901A04MSB00,0.8,Quoting ex-works 150k CNY/t on 31 Aug 2026; a Baiinfo daily quote provider.
leqing,Dachaidan Leqing Technology (大柴旦乐青科技),Da Qaidam,Qinghai,,unknown,operating,2026-09-30,2026-09-30,baiinfo.com,https://www.baiinfo.com/ranliao/ranliaozhongjianti,0.6,Listed among Baiinfo daily H-Acid quote providers (Sep 2026).
xinfu,Shandong Xinfu Ruijie (山东鑫富瑞杰),,Shandong,,unknown,operating,2026-09-30,2026-09-30,baiinfo.com,https://www.baiinfo.com/ranliao/ranliaozhongjianti,0.6,Listed among Baiinfo daily H-Acid quote providers (Sep 2026).
