source_id,source_name,source_family,tier,url,country,language,series,frequency,data_type,product,grade,location,currency,unit,price_type,historical_coverage,publication_timing,access_method,collector,robots_checked,reliability,status,notes
baiinfo_public,Baiinfo (百川盈孚) public product pages,baiinfo,2,https://www.baiinfo.com/ranliao/ranliaozhongjianti,CN,zh,"hacid.spot; feed.naphthalene_refined; feed.naphthalene_industrial; feed.nitric_acid; feed.caustic_soda; dye.reactive",daily (working days),price commentary,H-Acid + feedstocks + reactive dye,"H-Acid: industrial; refined naphthalene; 98% nitric; 32% ion-membrane caustic; reactive black WNN150%",China / regional,CNY,t (dyes converted from kg),market_average,forward-only from first collection (archive is members-only),"Same working day; the note is dated by the source (e.g. '9月30日')",public HTML (no login); robots.txt allows paths used,baiinfo,yes (2026-10-07),high,active,"Only the public daily headline note is parsed. Article bodies, price database and producer notes are members-only and are NOT collected."
baiinfo_wayback,Baiinfo public pages via Internet Archive,baiinfo,2,https://web.archive.org/,CN,zh,"same as baiinfo_public",irregular (snapshot dates),archived price commentary,same,same,same,CNY,t,market_average,"whatever snapshots exist (2023→)","Note date stated in text; vintage = min(note date, capture time)",Wayback CDX API (public),wayback,yes,medium,active (runs in GitHub Actions),"Same source family as baiinfo_public - never counted as independent."
baiinfo_via_news,Baiinfo data republished in news / broker notes,baiinfo,2,(per row),CN,zh,"hacid.spot; hacid.quote; dye.reactive",irregular,cited price points,H-Acid,industrial,China,CNY,t,market_average / ex_works,2024-06 → 2026-09 (sparse),Publication date of the citing article,manual curation (data/curated/hacid_price_points.csv),curated,n/a,medium,active,"Each row keeps the citing URL and verbatim sentence. Derived rows (implied from stated changes) are labelled value_kind=derived."
sci99_via_news,SCI99 / Zhuochuang (卓创资讯) data republished in news,sci99,2,(per row),CN,zh,"hacid.spot; dye.reactive_black_sci99",irregular,cited price points,H-Acid,industrial,China,CNY,t,market_reference,2026-08 (sparse),Publication date of the citing article,manual curation,curated,n/a,medium,active,Independent source family from Baiinfo.
producer_quotes_via_baiinfo,Producer ex-works quotations reported by Baiinfo,baiinfo,1,(per row),CN,zh,hacid.quote,irregular,producer quotation,H-Acid,industrial,producer plant,CNY,t,ex_works,2026-08 → (sparse),Publication date of the citing article,manual curation,curated,n/a,medium,active,"Daily producer notes on baiinfo.com are members-only; only quotes republished publicly are used."
nbs_10day,National Bureau of Statistics - 10-day prices of important means of production (流通领域重要生产资料市场价格),nbs,1,https://www.stats.gov.cn/sj/zxfb/,CN,zh,"feed.sulfuric_acid; feed.caustic_soda_nbs; feed.coke",10-day (旬),official price survey,"sulfuric acid 98%; caustic soda (liquid, 32%); metallurgical coke",national,China,CNY,t,market,2018 → present (index pages 1-67),"~3-4 days after period end; release timestamp on page",public HTML,nbs,no robots.txt (404); polite rate,high,active,"Official statistics, compiled by China Statistical Information Service Center with SCI99. Coke is context only (coal-tar chain), not in the cost index."
comtrade,UN Comtrade - China exports HS 292221,un_comtrade,1,https://comtradeapi.un.org/public/v1/preview/C/M/HS,CN (reporter),en,"export.hacid.qty; export.hacid.value",monthly,customs trade statistics,"HS 292221: aminohydroxynaphthalenesulphonic acids and salts (H-Acid dominated; includes J-acid, gamma-acid etc.)",,China → World,USD,kg / USD,FOB export value,2018 → present,"~6-10 weeks after month end; publication date not provided by API → vintage estimated as month end + 45 days",public preview API (no key),comtrade,n/a (API),high,active,"Export unit value = value / quantity is labelled as such; it is NOT an H-Acid spot price."
chinadaily_jiemian_news,General news (Xinhua/Jiemian/China Daily/CLS etc.) for events,news,3,(per row),CN,zh,events,irregular,event reports,,,,,,,2024-03 → present,Article publication time,manual curation (data/curated/events.csv),curated,n/a,medium,active,"Events keep event_date, event_date_precision and announce_date separately."
sunsirs_100ppi,SunSirs / 生意社 (100ppi.com),100ppi,2,https://chem.100ppi.com/price/plist-1389-1.html,CN,zh,"hacid.spot; hacid.quote",daily,price + producer quotes,H-Acid,,China,CNY,t,ex_works,unknown,same day,"BLOCKED: JavaScript anti-bot challenge (HW_CHECK)",none,yes,n/a,unavailable,"Not collected: passing the challenge programmatically would circumvent an access control. Use licensed export / manual archival import if a licence is obtained."
chemicalbook,ChemicalBook,chemicalbook,3,https://www.chemicalbook.com/,CN,zh/en,hacid.spot,irregular,supplier listings,,,,,,,,,HTTP 403 to automated clients,none,n/a,low,unavailable,"Supplier listings are asking prices, not market prices; access denied to automated clients."
guidechem,Guidechem (盖德化工),guidechem,3,https://www.guidechem.com/,CN,zh,hacid.spot,irregular,supplier listings,,,,,,,,,public HTML,none,yes,low,not implemented,"Supplier asking prices only; low information value. Candidate for a future tier-4 discovery collector."
imarc_etc,IMARC / ChemAnalyst / Procurement Resource style price reports,market_research,5,,,en,,quarterly,modelled prices,,,,USD,t,,,,,none,n/a,very low,excluded,"Opaque, unsourced quarterly figures; tier 5 = discovery only, zero weight."
archive_web,Internet Archive copies of H-Acid pages on other websites,(publisher named in text),3,https://web.archive.org/,CN,zh,"hacid.spot; hacid.quote",irregular,archived price text,H-Acid,,China,CNY,t,market / ex_works,whatever snapshots exist (2023→),"Page date if printed, else capture date (verified public-by date)",Wayback CDX (public),archive,n/a,medium,active (GitHub Actions),"Family = the publisher quoted in the sentence (百川盈孚, 卓创, 生意社 …), so republications never count twice. Ranges -> midpoint."
ecb_fx,European Central Bank reference rates,ecb,1,https://data-api.ecb.europa.eu/,EU,en,fx.usdcny,daily,FX reference rate,USD/CNY,,,CNY,per USD,reference_rate,1999 →,same day,public SDMX API,ecb,n/a,high,active,"Used to express export unit values in CNY."
