event_date,event_date_precision,announce_date,vintage_status,event_type,company,plant,location,capacity_t,direction,severity,source,source_family,url,value_kind,confidence,note,raw_text
2024-03-15,month,2024-03-31,estimated,policy,,,China,,-1,1,mem_via_news,news,https://www.bhi.com.cn/News/ShowDetails.aspx?columns=31&id=90111841,observed,0.8,"Ministry of Emergency Management catalogue (2nd batch): batch/semi-batch nitration for 27 chemicals incl. H-Acid must be converted by Mar 2026. Release day not verified; announce_date set to month-end (estimated).","据应急管理部去年3月发布的《淘汰落后危险化学品安全生产工艺技术设备目录（第二批）》，要求包括H酸在内的27种化学品需要将间歇或半间歇釜式硝化工艺改造成微通道反应器……即2026年3月之前。"
2025-04-05,week,2025-06-11,confirmed,accident,Inner Mongolia Wuhai Yadong Fine Chemical (内蒙古乌海亚东精细化工),Wuhai,Inner Mongolia,20000,-1,3,debon_via_sina,news,https://finance.sina.com.cn/roll/2025-06-11/doc-inezrxpn5004536.shtml,observed,0.8,"Fire in April 2025 ('after Qingming' per CLS). Earliest publication verified by this project is 11 Jun 2025; true announcement was probably earlier.","近期，由于部分H酸生产企业执行检修计划以及此前4月内蒙古乌海市亚东精细化工厂发生火灾事故影响，行业开工率延续低位运行态势。"
2025-05-15,month,2025-07-07,confirmed,policy,Shandong Youdao Chemical (山东友道化学),,Shandong,,-1,1,huaon,news,https://www.huaon.com/channel/trend/1087462.html,observed,0.6,"Nitration-workshop explosion (5 deaths) cited in an H-Acid industry note as a trigger for tighter nitration safety enforcement. Not an H-Acid capacity loss; recorded as a policy/enforcement catalyst.","2025年5月，山东友道化学硝化车间发生爆炸，导致5人身亡"
2025-06-09,announce_only,2025-06-09,confirmed,environmental,Hubei Chuyuan (湖北楚源),,Hubei,30000,-1,2,weibo_via_sina,news,https://www.sina.cn/news/detail/5175711499290401.html,observed,0.6,"Output reduction for environmental rectification. Event date unknown (only that it happened in 2025 before announcement); capacity figure is nominal and from a social-media analyst post.","2025年以来，产能再次收缩：湖北楚源3万吨产能减产（环保整改）"
2025-06-09,announce_only,2025-06-09,confirmed,environmental,Shandong Yuyuan (山东裕源),,Shandong,10000,-1,2,weibo_via_sina,news,https://www.sina.cn/news/detail/5175711499290401.html,observed,0.6,"Shutdown under environmental controls. Event date unknown.","山东裕源1万吨停产（环保管控）"
2025-06-10,day,2025-06-10,confirmed,new_capacity,Jinji (锦鸡股份),,China,8000,1,1,sfccn,news,https://www.sfccn.com/2025/6-10/4MMDE1MjBfMjAzODA4MA.html,observed,0.9,"Trial-production filing obtained for 8,000 t/yr line; trial run 'soon'. Capacity addition is prospective.","公司募集资金投资项目包括H酸产品，产能为8000吨/年，目前该产品产线已取得试生产备案表，近期将开始试生产。"
2025-06-20,month,2025-07-01,confirmed,accident,Inner Mongolia Wuhai Yadong Fine Chemical (内蒙古乌海亚东精细化工),Wuhai,Inner Mongolia,20000,-1,3,cls,news,https://www.cls.cn/detail/2072957,observed,0.8,"Second plant accident in June 2025; capacity affected, restart timing unknown at announcement. Exact day not stated.","今年4月和6月，H酸行业龙头内蒙古乌海亚东精细化工有限公司接连出现工厂事故，6月事故后公司产能受影响，业内都在观望复产时间。"
2026-03-19,day,2026-03-19,confirmed,accident,Inner Mongolia Liyuan Technology (内蒙古利元科技),Tengger Industrial Park,"Alxa League, Inner Mongolia",,-1,3,xinhua_via_jiemian,news,https://www.jiemian.com/article/14134926.html,observed,1.0,"Nitration-workshop explosion 19 Mar 2026 11:49 (2 deaths). CLS (15 Apr 2026) links it to H-Acid supply; affected H-Acid capacity not verified by this project.","3月19日11时49分，内蒙古利元科技有限公司硝化车间发生爆炸事故，经初步核实有2人失联、3人受伤"
2026-03-31,day,2026-03-31,estimated,policy,,,China,,-1,2,mem_via_news,news,https://news.qq.com/rain/a/20260210A048CG00,observed,0.7,"Deadline for nitration-process conversion (MEM catalogue, 2nd batch). Scheduled, publicly known since 2024.","以H酸为代表的27种化学品硝化工艺整改最后期限为2026年3月"
