obs_date,date_precision,pub_date,vintage_status,source,source_family,tier,series,location,value,currency,unit,price_type,market,quote_kind,value_kind,republisher,url,confidence,raw_text
2025-01-01,day,2025-07-01,confirmed,baiinfo_via_news,baiinfo,2,hacid.spot,China,36000,CNY,t,market_average,domestic,reference,derived,CLS (财联社),https://www.cls.cn/detail/2072957,0.8,"公开信息显示，百川盈孚6月24日的H酸报价为44000元/吨，单日上涨5.39%，较1月1日上涨8000元/吨。 [derived: 44000-8000]"
2025-02-08,day,2026-02-10,confirmed,baiinfo_via_news,baiinfo,2,hacid.spot,China,36000,CNY,t,market_average,domestic,reference,derived,Pacific Securities via Tencent News,https://news.qq.com/rain/a/20260210A048CG00,0.6,"根据百川盈孚数据，截至2月8日，H酸价格为40250元/吨，同比增长11.81%。 [derived from stated YoY: 40250/1.1181, rounded to 500]"
2025-04-01,early-month,2025-06-25,confirmed,baiinfo_via_news,baiinfo,2,hacid.spot,China,36500,CNY,t,market_average,domestic,reference,observed,Minsheng Securities via Sina Finance,https://finance.sina.com.cn/roll/2025-06-25/doc-infchkck8064234.shtml,0.7,"H酸价格由2025年4月初的36500元/吨一路上涨至2025年5月中的41750元/吨，上涨幅度达14.38%。"
2025-05-15,mid-month,2025-06-25,confirmed,baiinfo_via_news,baiinfo,2,hacid.spot,China,41750,CNY,t,market_average,domestic,reference,observed,Minsheng Securities via Sina Finance,https://finance.sina.com.cn/roll/2025-06-25/doc-infchkck8064234.shtml,0.7,"H酸价格由2025年4月初的36500元/吨一路上涨至2025年5月中的41750元/吨，上涨幅度达14.38%。"
2024-06-09,day,2025-06-11,confirmed,baiinfo_via_news,baiinfo,2,hacid.spot,China,34000,CNY,t,market_average,domestic,reference,derived,Debon Securities via Sina Finance,https://finance.sina.com.cn/roll/2025-06-11/doc-inezrxpn5004536.shtml,0.6,"据百川盈孚，截至6月9日，H酸市场价格为41750元/吨，月环比+3.09%，年同比+22.79%，价格创近三年新高。 [derived from stated YoY: 41750/1.2279, rounded to 500]"
2025-06-09,day,2025-06-10,confirmed,baiinfo_via_news,baiinfo,2,hacid.spot,China,41750,CNY,t,market_average,domestic,reference,observed,21st Century Business Herald (南方财经网),https://www.sfccn.com/2025/6-10/4MMDE1MjBfMjAzODA4MA.html,0.9,"据百川盈孚数据，截至6月9日，H酸市场报价达41,750元/吨，较上月环比上涨3.09%，同比涨幅更是高达22.79%，创下近三年价格峰值。"
2025-06-23,day,2025-07-01,confirmed,baiinfo_via_news,baiinfo,2,hacid.spot,China,41750,CNY,t,market_average,domestic,reference,derived,CLS (财联社),https://www.cls.cn/detail/2072957,0.8,"百川盈孚6月24日的H酸报价为44000元/吨，单日上涨5.39%。 [derived previous working day: 44000/1.0539, rounded to 250]"
2025-06-24,day,2025-06-25,confirmed,baiinfo_via_news,baiinfo,2,hacid.spot,China,44000,CNY,t,market_average,domestic,reference,observed,Minsheng Securities via Sina Finance,https://finance.sina.com.cn/roll/2025-06-25/doc-infchkck8064234.shtml,0.9,"民生证券-染料行业点评：H酸价格单日上涨超5%（2025-06-25）; CLS 2025-07-01: 百川盈孚6月24日的H酸报价为44000元/吨，单日上涨5.39%"
2025-07-04,day,2025-07-07,confirmed,baiinfo_via_news,baiinfo,2,hacid.spot,China,44000,CNY,t,market_average,domestic,reference,observed,BHI (中国拟在建项目网),https://www.bhi.com.cn/News/ShowDetails.aspx?columns=31&id=90111841,0.9,"据百川盈孚数据，截至7月4日，H酸国内市场均价为4.4万元/吨，同比增长近30%。"
2026-02-08,day,2026-02-10,confirmed,baiinfo_via_news,baiinfo,2,hacid.spot,China,40250,CNY,t,market_average,domestic,reference,observed,Pacific Securities via Tencent News,https://news.qq.com/rain/a/20260210A048CG00,0.9,"根据百川盈孚数据，截至2月8日，H酸价格为40250元/吨，同比增长11.81%。"
2026-03-19,day,2026-03-20,confirmed,baiinfo_via_news,baiinfo,2,hacid.spot,China,45000,CNY,t,market_average,domestic,reference,derived,Baiinfo daily movers via Sina Finance,https://finance.sina.com.cn/wm/2026-03-20/doc-inhrrvnv6738867.shtml,0.9,"H酸市场重心大涨，市场均价参考47500元/吨，较上一工作日上涨2500元/吨 [derived previous working day: 47500-2500]"
2026-03-20,day,2026-03-20,confirmed,baiinfo_via_news,baiinfo,2,hacid.spot,China,47500,CNY,t,market_average,domestic,reference,observed,Baiinfo daily movers via Sina Finance,https://finance.sina.com.cn/wm/2026-03-20/doc-inhrrvnv6738867.shtml,1.0,"H酸市场重心大涨，市场均价参考47500元/吨，较上一工作日上涨2500元/吨，涨幅5.56％，目前出厂参考45000-50000元/吨。"
2026-04-08,day,2026-04-09,confirmed,baiinfo_via_news,baiinfo,2,hacid.spot,China,50000,CNY,t,market_average,domestic,reference,derived,Baiinfo daily movers via Sina Finance,https://finance.sina.com.cn/wm/2026-04-09/doc-inhtxcuy0881776.shtml,0.9,"当前市场均价参考61000元/吨，较昨日上调11000元/吨 [derived previous day: 61000-11000]"
2026-04-09,day,2026-04-09,confirmed,baiinfo_via_news,baiinfo,2,hacid.spot,China,61000,CNY,t,market_average,domestic,reference,observed,Baiinfo daily movers via Sina Finance,https://finance.sina.com.cn/wm/2026-04-09/doc-inhtxcuy0881776.shtml,1.0,"H酸市场价格大幅上涨，当前市场均价参考61000元/吨，较昨日上调11000元/吨，涨幅22%，厂家出厂报价参考区间为60000-62000元/吨。"
2026-04-14,day,2026-04-15,confirmed,baiinfo_via_news,baiinfo,2,hacid.spot,China,65000,CNY,t,reference,domestic,reference,observed,CLS (财联社),https://www.cls.cn/detail/2344564,0.9,"百川盈孚数据显示，4月14日H酸参考价已达6.5万元/吨。"
2026-08-21,day,2026-09-01,confirmed,sci99_via_news,sci99,2,hacid.spot,China,90000,CNY,t,market_reference,domestic,reference,derived,Tencent News,https://news.qq.com/rain/a/20260901A04MSB00,0.8,"据卓创资讯数据，截至8月28日，……H酸较上周上涨5元/kg至95元/kg。 [derived previous week: 95-5 CNY/kg]"
2026-08-28,day,2026-09-01,confirmed,sci99_via_news,sci99,2,hacid.spot,China,95000,CNY,t,market_reference,domestic,reference,observed,Tencent News,https://news.qq.com/rain/a/20260901A04MSB00,0.9,"据卓创资讯数据，截至8月28日，活性黑较上周上涨3元/kg至33元/kg，H酸较上周上涨5元/kg至95元/kg。"
2026-09-15,mid-month,2026-09-16,confirmed,baiinfo_via_news,baiinfo,2,hacid.spot,China,130000,CNY,t,market_average,domestic,reference,observed,ifeng Finance (凤凰网),https://finance.ifeng.com/c/8wU0iOwXGfK,0.7,"截至9月16日，国内H酸主流工业级出厂报价集中在13万元/吨—15万元/吨区间，百川盈孚监测的9月中旬市场均价为13万元/吨。"
2026-09-29,day,2026-09-30,confirmed,baiinfo_public,baiinfo,2,hacid.spot,China,145000,CNY,t,market_average,domestic,reference,derived,,https://www.baiinfo.com/ranliao/ranliaozhongjianti,0.9,"9月30日，国内H酸市场偏稳运行，市场均价为150000元/吨，较前一工作日上调5000元/吨 [derived previous working day: 150000-5000]"
2026-09-30,day,2026-09-30,confirmed,baiinfo_public,baiinfo,2,hacid.spot,China,150000,CNY,t,market_average,domestic,reference,observed,,https://www.baiinfo.com/ranliao/ranliaozhongjianti,1.0,"9月30日，国内H酸市场偏稳运行，市场均价为150000元/吨，较前一工作日上调5000元/吨，涨幅3.33%，实单成交区间在140000–150000元/吨，部分厂家报价仍坚挺至20万元/吨。"
2026-03-20,day,2026-03-20,confirmed,baiinfo_via_news,baiinfo,2,hacid.quote,China,47500,CNY,t,ex_works,domestic,reference_range_mid,observed,Baiinfo daily movers via Sina Finance,https://finance.sina.com.cn/wm/2026-03-20/doc-inhrrvnv6738867.shtml,0.8,"目前出厂参考45000-50000元/吨。 [midpoint of stated ex-works range]"
2026-04-09,day,2026-04-09,confirmed,baiinfo_via_news,baiinfo,2,hacid.quote,China,61000,CNY,t,ex_works,domestic,reference_range_mid,observed,Baiinfo daily movers via Sina Finance,https://finance.sina.com.cn/wm/2026-04-09/doc-inhtxcuy0881776.shtml,0.8,"厂家出厂报价参考区间为60000-62000元/吨。 [midpoint of stated ex-works range]"
2026-08-31,day,2026-09-01,confirmed,dachaidan_hexin_via_baiinfo,baiinfo,1,hacid.quote,Qinghai,150000,CNY,t,ex_works,domestic,producer_quotation,observed,Tencent News,https://news.qq.com/rain/a/20260901A04MSB00,0.9,"此前8月31日，大柴旦和信科技已将H酸最新出厂报价上调至15万元/吨。"
2026-09-01,day,2026-09-01,confirmed,yadong_via_baiinfo,baiinfo,1,hacid.quote,Inner Mongolia,150000,CNY,t,ex_works,domestic,producer_quotation,observed,Tencent News,https://news.qq.com/rain/a/20260901A04MSB00,0.9,"9月1日，据百川盈孚数据，亚东集团正式将H酸出厂价格上调至150000元/吨。"
2026-09-15,mid-month,2026-09-16,confirmed,baiinfo_via_news,baiinfo,2,hacid.quote,China,140000,CNY,t,ex_works,domestic,reference_range_mid,observed,ifeng Finance (凤凰网),https://finance.ifeng.com/c/8wU0iOwXGfK,0.7,"截至9月16日，国内H酸主流工业级出厂报价集中在13万元/吨—15万元/吨区间 [midpoint of stated range]"
2025-06-09,day,2025-06-11,confirmed,baiinfo_via_news,baiinfo,2,dye.reactive,China,23000,CNY,t,market_average,domestic,reference,observed,Debon Securities via Sina Finance,https://finance.sina.com.cn/roll/2025-06-11/doc-inezrxpn5004536.shtml,0.8,"截至6月9日，活性染料市场价格23元/公斤，月环比+4.55%，年同比+9.52%。"
2026-09-30,day,2026-09-30,confirmed,baiinfo_public,baiinfo,2,dye.reactive,Jiangsu-Zhejiang,47000,CNY,t,market_average,domestic,reference,observed,,https://www.baiinfo.com/ranliao/huoxingranliao,1.0,"9月30日，江浙地区活性染料市场持稳运行。截至发稿，活性黑市场均价为47元/公斤，较上一工作日持平。"
2026-08-21,day,2026-09-01,confirmed,sci99_via_news,sci99,2,dye.reactive_black_sci99,China,30000,CNY,t,market_reference,domestic,reference,derived,Tencent News,https://news.qq.com/rain/a/20260901A04MSB00,0.8,"截至8月28日，活性黑较上周上涨3元/kg至33元/kg [derived previous week: 33-3 CNY/kg]"
2026-08-28,day,2026-09-01,confirmed,sci99_via_news,sci99,2,dye.reactive_black_sci99,China,33000,CNY,t,market_reference,domestic,reference,observed,Tencent News,https://news.qq.com/rain/a/20260901A04MSB00,0.9,"据卓创资讯数据，截至8月28日，活性黑较上周上涨3元/kg至33元/kg。"
2026-07-27,day,2026-07-30,confirmed,baiinfo_via_news,baiinfo,2,hacid.spot,China,61000,CNY,t,market_average,domestic,reference,derived,The Paper (澎湃新闻),https://www.thepaper.cn/newsDetail_forward_33687999,0.9,"据百川盈孚数据，7月28日，活性染料关键原料H酸行业均价从6.1万元/吨上涨31.15%至8万元/吨。 [previous working day: 61000]"
2026-07-28,day,2026-07-30,confirmed,baiinfo_via_news,baiinfo,2,hacid.spot,China,80000,CNY,t,market_average,domestic,reference,observed,The Paper (澎湃新闻),https://www.thepaper.cn/newsDetail_forward_33687999,1.0,"据百川盈孚数据，7月28日，活性染料关键原料H酸行业均价从6.1万元/吨上涨31.15%至8万元/吨。"
2026-07-27,day,2026-07-30,confirmed,dachaidan_hexin_via_baiinfo,baiinfo,1,hacid.quote,Qinghai,61000,CNY,t,ex_works,domestic,producer_quotation,derived,The Paper (澎湃新闻),https://www.thepaper.cn/newsDetail_forward_33687999,0.8,"当日，H酸头部厂商大柴旦和信科技有限公司出厂价上调至10万元/吨，单日涨幅达64% [derived previous quote: 100000/1.64, rounded to 1000]"
2026-07-28,day,2026-07-30,confirmed,dachaidan_hexin_via_baiinfo,baiinfo,1,hacid.quote,Qinghai,100000,CNY,t,ex_works,domestic,producer_quotation,observed,The Paper (澎湃新闻),https://www.thepaper.cn/newsDetail_forward_33687999,1.0,"当日，H酸头部厂商大柴旦和信科技有限公司出厂价上调至10万元/吨，单日涨幅达64%，较年初4万元/吨的价格累计上涨近150%，触及历史高位。"
