obs_date,pub_date,source,source_family,tier,series,location,value,currency,unit,price_type,market,quote_kind,url,confidence,raw_text,vintage_status,value_kind,date_precision,republisher
2024-05-30,2024-05-30,archive_web,baiinfo,3,hacid.spot,China,34000.0,CNY,t,range_midpoint,domestic,archived_text,https://web.archive.org/web/20240530101047/https://www.baiinfo.com/ranliao/ranliaozhongjianti,0.7,[capture 2024-05-30] H酸价格行情走势图 提示： 5月30日，H酸市场整理运行，目前出厂参考33500-34500元/吨。,confirmed,observed,day,Internet Archive
2024-06-20,2024-06-21,archive_web,baiinfo,3,hacid.spot,China,34000.0,CNY,t,range_midpoint,domestic,archived_text,https://web.archive.org/web/20240621022656/https://www.baiinfo.com/ranliao/ranliaozhongjianti,0.7,[capture 2024-06-21] 6月20日，H酸市场平稳运行，目前出厂参考33500-34500元/吨。,confirmed,observed,day,Internet Archive
2024-09-14,2024-09-17,archive_web,baiinfo,3,hacid.spot,China,34250.0,CNY,t,range_midpoint,domestic,archived_text,https://web.archive.org/web/20240917030902/https://www.baiinfo.com/ranliao/ranliaozhongjianti,0.7,[capture 2024-09-17] 9月14日，H酸市场平稳续市，目前出厂参考34000-34500元/吨。,confirmed,observed,day,Internet Archive
2024-12-02,2024-12-02,archive_web,baiinfo,3,hacid.spot,China,35500.0,CNY,t,range_midpoint,domestic,archived_text,https://web.archive.org/web/20241202210151/https://www.baiinfo.com/ranliao/ranliaozhongjianti,0.7,[capture 2024-12-02] 12月2日，H酸市场平稳运行，目前出厂参考35000-36000元/吨。,confirmed,observed,day,Internet Archive
2025-05-13,2025-05-13,archive_web,baiinfo,3,hacid.spot,China,40500.0,CNY,t,range_midpoint,domestic,archived_text,https://web.archive.org/web/20250513201010/https://www.baiinfo.com/ranliao/ranliaozhongjianti,0.7,[capture 2025-05-13] 5月13日，H酸市场走势平稳，目前出厂参考40000-41000元/吨。,confirmed,observed,day,Internet Archive
2023-09-22,2023-09-24,archive_web,baiinfo,3,hacid.spot,China,32500.0,CNY,t,market,domestic,archived_text,https://web.archive.org/web/20230924073048/http://www.baiinfo.com/ranliao/ranliaozhongjianti,0.8,[capture 2023-09-24] 2023年9月22日，H酸市场均价为32500元/吨，目前出厂参考32000-33000元/吨。,confirmed,observed,day,Internet Archive
2023-09-28,2023-09-29,archive_web,baiinfo,3,hacid.spot,China,32500.0,CNY,t,market,domestic,archived_text,https://web.archive.org/web/20230929204355/http://baiinfo.com/ranliao/ranliaozhongjianti,0.8,[capture 2023-09-29] 2023年9月28日，H酸市场均价为32500元/吨，目前出厂参考32000-33000元/吨。,confirmed,observed,day,Internet Archive
2024-03-01,2024-03-03,archive_web,baiinfo,3,hacid.spot,China,34500.0,CNY,t,market,domestic,archived_text,https://web.archive.org/web/20240303163713/http://www.baiinfo.com/ranliao/ranliaozhongjianti,0.8,[capture 2024-03-03] 2024年3月1日，H酸市场均价为34500元/吨，目前出厂参考34000-35000元/吨。,confirmed,observed,day,Internet Archive
2025-09-11,2025-09-11,archive_web,baiinfo,3,hacid.spot,China,40500.0,CNY,t,market,domestic,archived_text,https://web.archive.org/web/20250911130054/https://www.baiinfo.com/ranliao/ranliaozhongjianti,0.8,[capture 2025-09-11] 9月11日，H酸市场重心持稳，市场均价参考40500元/吨，较昨日持平，目前出厂参考40000-41000元/吨。,confirmed,observed,day,Internet Archive
