obs_date,pub_date,source,source_family,tier,series,grade,location,value,currency,unit,price_type,market,quote_kind,url,confidence,raw_text,vintage_status,value_kind,date_precision,republisher
2023-09-28,2023-09-28,baiinfo_wayback,baiinfo,2,feed.nitric_acid,98%,China,2245.0,CNY,t,market_average,domestic,reference,https://web.archive.org/web/20231003072246/http://baiinfo.com/qitawuji/xiaosuan,1.0,[capture 20231003072246] 9月28日，硝酸市场大势盘整，98%浓硝酸出厂均价2245元/吨，较上一个工作日持平， 主力地区出厂价格2000-2350元/吨，临近长假，市场整体观望、执行合同订单为主，酸厂积极发货，坚挺过节，节中关注运力情况，节后关注上下游排库补库博弈。,confirmed,observed,day,Internet Archive
2023-12-01,2023-12-01,baiinfo_wayback,baiinfo,2,feed.nitric_acid,98%,China,2376.0,CNY,t,market_average,domestic,reference,https://web.archive.org/web/20231203042516/http://www.baiinfo.com.cn/qitawuji/xiaosuan,1.0,[capture 20231203042516] 12月1日，硝酸市场偏弱观望，98%浓硝酸出厂均价2376元/吨，较上一个工作日持平。,confirmed,observed,day,Internet Archive
2024-03-01,2024-03-01,baiinfo_wayback,baiinfo,2,feed.nitric_acid,98%,China,1863.0,CNY,t,market_average,domestic,reference,https://web.archive.org/web/20240303172737/http://www.baiinfo.com/qitawuji/xiaosuan,1.0,[capture 20240303172737] 今日98%浓硝酸出厂均价1863元/吨，较上个工作日持平。,confirmed,observed,day,Internet Archive
2024-05-28,2024-05-28,baiinfo_wayback,baiinfo,2,feed.nitric_acid,98%,China,1961.0,CNY,t,market_average,domestic,reference,https://web.archive.org/web/20240528040215/http://baiinfo.com.cn/qitawuji/xiaosuan,1.0,[capture 20240528040215] 今日98%浓硝酸出厂均价1961元/吨，较上个工作日持平，98%浓硝酸主力地区出厂价格1650-1900元/吨。,confirmed,observed,day,Internet Archive
2024-06-13,2024-06-13,baiinfo_wayback,baiinfo,2,feed.nitric_acid,98%,China,1909.0,CNY,t,market_average,domestic,reference,https://web.archive.org/web/20240613103554/http://www.baiinfo.com.cn/qitawuji/xiaosuan,1.0,[capture 20240613103554] 今日98%浓硝酸出厂均价1909元/吨，较上个工作日下调15元/吨，98%浓硝酸主力地区出厂价格1580-1900元/吨。,confirmed,observed,day,Internet Archive
2024-06-20,2024-06-20,baiinfo_wayback,baiinfo,2,feed.nitric_acid,98%,China,1909.0,CNY,t,market_average,domestic,reference,https://web.archive.org/web/20240621021802/https://www.baiinfo.com/qitawuji/xiaosuan,1.0,[capture 20240621021802] 今日98%浓硝酸出厂均价1909元/吨，较上个工作日持平，98%浓硝酸主力地区出厂价格1580-1900元/吨。,confirmed,observed,day,Internet Archive
2024-07-19,2024-07-19,baiinfo_wayback,baiinfo,2,feed.nitric_acid,98%,China,1810.0,CNY,t,market_average,domestic,reference,https://web.archive.org/web/20240720223203/https://www.baiinfo.com/qitawuji/xiaosuan,1.0,[capture 20240720223203] 今日98%浓硝酸出厂均价1810元/吨，较上个工作日下调9元/吨，98%浓硝酸主力地区出厂价格1550-1800元/吨。,confirmed,observed,day,Internet Archive
2024-10-09,2024-10-09,baiinfo_wayback,baiinfo,2,feed.nitric_acid,98%,China,1692.0,CNY,t,market_average,domestic,reference,https://web.archive.org/web/20241009080310/https://www.baiinfo.com/qitawuji/xiaosuan,1.0,[capture 20241009080310] 今日98%浓硝酸出厂均价1692元/吨，较上个工作日上调7元/吨，98%浓硝酸主力地区出厂价格1350-1550元/吨。,confirmed,observed,day,Internet Archive
2024-11-01,2024-11-01,baiinfo_wayback,baiinfo,2,feed.nitric_acid,98%,China,1722.0,CNY,t,market_average,domestic,reference,https://web.archive.org/web/20241102142525/http://baiinfo.com.cn/qitawuji/xiaosuan,1.0,[capture 20241102142525] 今日98%浓硝酸出厂均价1722元/吨，较上个工作日持平，98%浓硝酸主力地区出厂价格1370-1600元/吨。,confirmed,observed,day,Internet Archive
2024-11-08,2024-11-08,baiinfo_wayback,baiinfo,2,feed.nitric_acid,98%,China,1703.0,CNY,t,market_average,domestic,reference,https://web.archive.org/web/20241111010754/http://www.baiinfo.com.cn/qitawuji/xiaosuan,1.0,[capture 20241111010754] 今日98%浓硝酸出厂均价1703元/吨，较上个工作日持平，98%浓硝酸主力地区出厂价格1350-1550元/吨。,confirmed,observed,day,Internet Archive
2024-11-14,2024-11-14,baiinfo_wayback,baiinfo,2,feed.nitric_acid,98%,China,1703.0,CNY,t,market_average,domestic,reference,https://web.archive.org/web/20241114213822/https://www.baiinfo.com/qitawuji/xiaosuan,1.0,[capture 20241114213822] 今日98%浓硝酸出厂均价1703元/吨，较上个工作日持平，98%浓硝酸主力地区出厂价格1350-1550元/吨。,confirmed,observed,day,Internet Archive
2025-02-13,2025-02-13,baiinfo_wayback,baiinfo,2,feed.nitric_acid,98%,China,1533.0,CNY,t,market_average,domestic,reference,https://web.archive.org/web/20250213122021/http://baiinfo.com.cn/qitawuji/xiaosuan,1.0,[capture 20250213122021] 今日98%浓硝酸出厂均价1533元/吨，较上个工作日持平，98%浓硝酸主力地区出厂价格1250-1450元/吨。,confirmed,observed,day,Internet Archive
2025-03-12,2025-03-12,baiinfo_wayback,baiinfo,2,feed.nitric_acid,98%,China,1481.0,CNY,t,market_average,domestic,reference,https://web.archive.org/web/20250316125011/http://www.baiinfo.com.cn/qitawuji/xiaosuan,1.0,[capture 20250316125011] 今日98%浓硝酸出厂均价1481元/吨，较上个工作日上调3元/吨，98%浓硝酸主力地区出厂价格1250-1450元/吨。,confirmed,observed,day,Internet Archive
2025-03-26,2025-03-26,baiinfo_wayback,baiinfo,2,feed.nitric_acid,98%,China,1523.0,CNY,t,market_average,domestic,reference,https://web.archive.org/web/20250326092208/https://www.baiinfo.com/qitawuji/xiaosuan,1.0,[capture 20250326092208] 今日98%浓硝酸出厂均价1523元/吨，较上个工作日持平，98%浓硝酸主力地区出厂价格1300-1550元/吨。,confirmed,observed,day,Internet Archive
2025-06-13,2025-06-13,baiinfo_wayback,baiinfo,2,feed.nitric_acid,98%,China,1534.0,CNY,t,market_average,domestic,reference,https://web.archive.org/web/20250615022149/http://baiinfo.com.cn/qitawuji/xiaosuan,1.0,[capture 20250615022149] 今日98%浓硝酸出厂均价1534元/吨，较前一工作日持平。,confirmed,observed,day,Internet Archive
2025-09-11,2025-09-11,baiinfo_wayback,baiinfo,2,feed.nitric_acid,98%,China,1565.0,CNY,t,market_average,domestic,reference,https://web.archive.org/web/20250911125112/https://www.baiinfo.com/qitawuji/xiaosuan,1.0,[capture 20250911125112] 9月11日，98%浓硝酸市场均价1565元/吨，较昨日价格下调11元/吨。,confirmed,observed,day,Internet Archive
2025-10-17,2025-10-17,baiinfo_wayback,baiinfo,2,feed.nitric_acid,98%,China,1541.0,CNY,t,market_average,domestic,reference,https://web.archive.org/web/20251018101655/http://baiinfo.com.cn/qitawuji/xiaosuan,1.0,[capture 20251018101655] 10月17日，98%浓硝酸市场均价1541元/吨，较昨日价格持稳。,confirmed,observed,day,Internet Archive
2026-01-16,2026-01-16,baiinfo_wayback,baiinfo,2,feed.nitric_acid,98%,China,1595.0,CNY,t,market_average,domestic,reference,https://web.archive.org/web/20260117005009/http://www.baiinfo.com.cn/qitawuji/xiaosuan,1.0,[capture 20260117005009] 1月16日，98%浓硝酸市场均价1595元/吨，较昨日价格持稳。,confirmed,observed,day,Internet Archive
2026-04-22,2026-04-22,baiinfo_wayback,baiinfo,2,feed.nitric_acid,98%,China,1552.0,CNY,t,market_average,domestic,reference,https://web.archive.org/web/20260422143513/http://www.baiinfo.com.cn/qitawuji/xiaosuan,1.0,[capture 20260422143513] 4月22日，98%浓硝酸市场均价1552元/吨，较昨日价格小幅上调2元/吨。,confirmed,observed,day,Internet Archive
