period,partner_code,qty_t,fob_usd
202301,76,1.0,4290.0
202301,251,7.651,55895.0
202301,360,0.001,5.0
202301,392,42.725,199899.0
202301,410,15.525,120411.0
202301,484,2.125,11659.0
202301,490,48.675,113157.0
202301,512,2.06,54360.0
202301,586,34.1,144849.0
202301,608,0.025,710.0
202301,643,0.0011970000000000001,5.0
202301,699,1312.33,5395886.0
202301,764,74.675,305452.0
202301,792,3.0,14700.0
202301,842,16.97,96274.0
202302,251,5.019,41010.0
202302,276,0.15046600000000002,422.0
202302,360,24.0,96411.0
202302,392,12.5,34724.0
202302,410,276.168,1111237.0
202302,484,15.0,104703.0
202302,490,140.0,535600.0
202302,586,0.566,3509.0
202302,699,639.068,2872537.0
202302,704,2.0,3234.0
202302,724,10.0,53052.0
202302,764,112.35,455499.0
202302,792,0.001,2.0
202302,842,0.675,3471.0
202303,56,22.5,92760.0
202303,76,1.0,4365.0
202303,276,0.07,150.0
202303,360,25.35,115880.0
202303,392,1.20023,1129.0
202303,410,394.35,1644770.0
202303,490,148.25,651958.0
202303,528,16.0,65200.0
202303,579,0.14,2800.0
202303,586,80.476,345002.0
202303,699,798.158,3459173.0
202303,704,0.006,5.0
202303,764,26.076,124864.0
202303,792,4.85,21352.0
202303,826,10.0,73096.0
202303,842,13.0,104680.0
202304,32,12.0,15240.0
202304,50,12.0,12645.0
202304,56,22.5,32625.0
202304,380,3.625,502169.0
202304,392,17.675471,97907.0
202304,410,699.0,2831784.0
202304,490,184.551,784023.0
202304,586,29.533236000000002,134210.0
202304,608,0.2,4260.0
202304,699,922.57,3745678.0
202304,764,49.5,202343.0
202304,792,24.0,26515.0
202305,276,0.002,19892.0
202305,360,6.525444,34235.0
202305,380,0.2,27600.0
202305,392,25.501,106450.0
202305,398,3.0,3390.0
202305,410,76.418,416945.0
202305,490,144.0,579371.0
202305,528,5.0,44205.0
202305,586,68.35,340728.0
202305,699,768.347,3325526.0
202305,704,2.0,3112.0
202305,724,11.25,56269.0
202305,764,28.976,139233.0
202305,784,0.005,44.0
202305,792,22.0,89730.0
202305,826,20.0,141124.0
202306,56,44.5,115205.0
202306,76,0.725,10043.0
202306,276,0.001,114.0
202306,360,47.13,256457.0
202306,380,0.3,41018.0
202306,392,12.001,67770.0
202306,410,372.626,1526936.0
202306,490,109.15,392446.0
202306,586,125.063,460229.0
202306,699,933.425,3731865.0
202306,764,12.501,52822.0
202306,792,56.001,240696.0
202306,818,0.001,4.0
202307,32,21.0,25614.0
202307,56,22.23,102466.0
202307,76,4.2,16570.0
202307,251,10.09,70123.0
202307,360,53.351,225035.0
202307,380,1.4,192824.0
202307,392,12.95,47275.0
202307,410,254.287,973014.0
202307,417,2.91,14550.0
202307,422,0.05,2486.0
202307,458,4.0,24548.0
202307,490,150.75,584214.0
202307,586,113.508,506970.0
202307,643,0.001,581.0
202307,699,1139.964,4571353.0
202307,724,10.0,51305.0
202307,764,15.0,59527.0
202307,792,66.825,206317.0
202307,818,12.0,11506.0
202308,231,0.001,16.0
202308,344,0.39173399999999997,1638.0
202308,360,50.000478,200992.0
202308,392,17.95,63223.0
202308,410,315.287,1300052.0
202308,490,75.0,289092.0
202308,566,4.0,5726.0
202308,586,73.971,248434.0
202308,643,0.123882,518.0
202308,699,1694.673,7238417.0
202308,704,4.8,3748.0
202308,724,11.25,52466.0
202308,764,16.0,75257.0
202308,792,53.0,201114.0
202308,826,0.028,236.0
202308,842,0.25,6250.0
202309,76,28.7,122317.0
202309,251,2.004,11592.0
202309,276,0.022,392760.0
202309,344,0.24701499999999998,1027.0
202309,360,164.352,672458.0
202309,364,52.35,213046.0
202309,380,1.9,262110.0
202309,392,15.1,51628.0
202309,410,272.125,1021036.0
202309,458,0.001,15.0
202309,490,47.375,168193.0
202309,528,2.0,17670.0
202309,586,48.625,155250.0
202309,643,0.003848,16.0
202309,699,2329.0304810000002,9236595.0
202309,704,10.0,9135.0
202309,724,10.2,60308.0
202309,764,39.2,167946.0
202309,792,10.0,47987.0
202310,76,7.825,46433.0
202310,276,0.008355,34.0
202310,380,0.4,55110.0
202310,392,2.175,6350.0
202310,410,403.6,1610333.0
202310,484,1.0,4935.0
202310,490,81.4,290396.0
202310,586,48.545,138753.0
202310,699,1120.61,4616819.0
202310,702,3.3,16170.0
202310,724,10.0,48634.0
202310,764,63.75,256108.0
202310,842,0.8,4226.0
202311,251,7.02,46710.0
202311,360,25.0,103455.0
202311,380,0.275,37950.0
202311,392,6.275,38460.0
202311,410,403.641,1559880.0
202311,484,6.8,28271.0
202311,490,108.0,420040.0
202311,586,82.639,334299.0
202311,643,0.001,629.0
202311,699,944.635,3492488.0
202311,704,3.0,4615.0
202311,724,9.375,39750.0
202311,764,26.65,116792.0
202311,792,27.2,39785.0
202311,826,0.0031509999999999997,12.0
202311,842,27.686,127359.0
202312,76,27.0,25650.0
202312,360,1.425,8625.0
202312,364,52.0,204680.0
202312,380,0.8,110230.0
202312,392,3.6,26028.0
202312,410,316.0,1244435.0
202312,484,18.36,116794.0
202312,490,201.299,765921.0
202312,566,1.51,1397.0
202312,579,0.325,7150.0
202312,586,13.928,115430.0
202312,643,0.001,835.0
202312,699,356.101,1349627.0
202312,704,10.0,9235.0
202312,724,10.0,49558.0
202312,764,87.85,358638.0
202312,784,32.0,131650.0
202312,792,23.5,105716.0
202312,842,22.4,147581.0
202401,76,20.0,97880.0
202401,360,35.475,180145.0
202401,380,0.5,69000.0
202401,392,21.3,104911.0
202401,410,401.2,1626422.0
202401,484,3.125,14296.0
202401,490,190.925,876356.0
202401,528,8.3,68906.0
202401,586,23.65,84961.0
202401,643,0.001,115.0
202401,699,718.275,3229226.0
202401,724,17.625,86382.0
202401,764,37.825,166306.0
202401,792,24.0,22775.0
202401,842,20.255,100806.0
202402,251,7.024,48969.0
202402,276,0.1,3488.0
202402,344,0.011558,49.0
202402,360,17.325,96301.0
202402,410,456.1,1898305.0
202402,490,48.3,46358.0
202402,586,18.875,37327.0
202402,699,454.632,1973599.0
202402,724,10.0,49329.0
202402,764,47.625,232597.0
202402,826,0.085,5728.0
202402,842,44.8,292121.0
202403,76,6.825,42456.0
202403,104,2.0,1408.0
202403,144,0.001,2.0
202403,170,2.0,1789.0
202403,251,0.6,82800.0
202403,276,0.1,1088.0
202403,360,24.0,102288.0
202403,392,49.15,122141.0
202403,410,304.145,1412221.0
202403,484,20.25,88999.0
202403,490,86.475,356558.0
202403,528,8.0,35690.0
202403,586,9.27,38607.0
202403,699,949.439,4159140.0
202403,724,17.875,86324.0
202403,764,14.525,69476.0
202403,792,33.1,140007.0
202403,842,7.605,38671.0
202404,76,6.325,37060.0
202404,251,7.015,50811.0
202404,360,28.22,143764.0
202404,364,51.0,219896.0
202404,392,14.55,67653.0
202404,410,458.338,1912128.0
202404,418,0.004,173.0
202404,484,3.3,6419.0
202404,490,161.5,648405.0
202404,586,34.325,95363.0
202404,699,860.445,3841395.0
202404,704,19.0,19585.0
202404,724,10.0,50854.0
202404,764,15.65,79101.0
202404,792,10.05,43573.0
202404,842,3.0,24600.0
202405,360,21.0,89510.0
202405,392,8.1,30446.0
202405,410,420.4,1779710.0
202405,484,20.585,140063.0
202405,490,73.1,274036.0
202405,528,16.0,71555.0
202405,586,22.64,64176.0
202405,699,842.623,3668126.0
202405,704,10.0,12000.0
202405,724,3.0,14040.0
202405,764,20.975,88142.0
202405,842,1.0,5098.0
202406,251,0.9,122400.0
202406,360,9.6,40446.0
202406,380,2.7,369074.0
202406,392,3.0,12761.0
202406,410,531.511,2301689.0
202406,484,9.925,46495.0
202406,490,111.275,376569.0
202406,528,5.3,46401.0
202406,566,4.0,4890.0
202406,586,26.125,80232.0
202406,643,0.005,44942.0
202406,699,1262.3,5654996.0
202406,724,11.25,58469.0
202406,764,6.225,15266.0
202406,792,22.4,93184.0
202406,842,1.755,9477.0
202407,56,22.5,27518.0
202407,76,37.1,177294.0
202407,251,2.004,12274.0
202407,276,2.93,21758.0
202407,344,0.001137,5.0
202407,360,64.7,286663.0
202407,364,26.0,109284.0
202407,392,26.375,76370.0
202407,400,2.4,3087.0
202407,410,394.2,1631987.0
202407,484,6.25,27435.0
202407,490,191.75,804404.0
202407,586,4.4,32170.0
202407,699,492.01,2281514.0
202407,724,28.875,145921.0
202407,757,3.75,28525.0
202407,764,16.125,80899.0
202407,784,26.0,126290.0
202407,792,13.35,58528.0
202407,842,20.125,139789.0
202408,76,29.575,132173.0
202408,251,5.015,39619.0
202408,276,2.125,17136.0
202408,360,24.0,102519.0
202408,392,13.05,59274.0
202408,410,545.75,2185293.0
202408,484,18.36,134215.0
202408,490,149.975,627794.0
202408,586,26.6,127334.0
202408,699,877.336,3765394.0
202408,704,1.0,2460.0
202408,705,0.01,97.0
202408,724,11.0,64159.0
202408,764,36.125,149634.0
202408,792,122.725,541708.0
202408,842,15.64,128855.0
202409,50,9.0,7872.0
202409,76,44.0,96820.0
202409,251,7.025,51983.0
202409,360,63.65,307223.0
202409,392,20.0,96110.0
202409,410,308.618,1309631.0
202409,490,84.9,282623.0
202409,586,24.45,109762.0
202409,699,1075.11,5037025.0
202409,704,10.0,12000.0
202409,724,3.0,14160.0
202409,764,6.825,48566.0
202409,792,5.6,36890.0
202409,842,8.0,25940.0
202410,344,0.001746,8.0
202410,360,89.325,401686.0
202410,380,0.8,108800.0
202410,392,16.75,112883.0
202410,410,504.942,2312948.0
202410,484,7.65,34534.0
202410,490,163.075,719842.0
202410,528,16.0,75640.0
202410,586,27.84,132154.0
202410,699,923.701,4170800.0
202410,704,10.0,9085.0
202410,764,5.9,34380.0
202410,788,2.0,2200.0
202410,792,0.725,3734.0
202410,842,25.34,100015.0
202411,56,22.5,27518.0
202411,76,17.2,88308.0
202411,251,5.018,36984.0
202411,276,2.393,11831.0
202411,344,0.052042000000000005,240.0
202411,360,12.0,51283.0
202411,380,1.4,190400.0
202411,392,2.1,11533.0
202411,400,2.0,2134.0
202411,410,409.6,1788748.0
202411,484,17.225,91574.0
202411,490,134.9,537916.0
202411,586,43.3,217788.0
202411,643,0.05,496.0
202411,699,1597.78,7329745.0
202411,704,10.0,8660.0
202411,724,32.65,186911.0
202411,757,1.875,8740.0
202411,764,16.225,84280.0
202411,792,74.9,348435.0
202411,842,17.98,141909.0
202412,76,22.5,109769.0
202412,360,35.975,180964.0
202412,364,52.0,251342.0
202412,380,0.8,108588.0
202412,392,15.3,99828.0
202412,410,711.018,3207493.0
202412,490,121.0,504026.0
202412,528,16.0,74400.0
202412,586,71.066,283117.0
202412,699,924.68,4270042.0
202412,704,0.25,411.0
202412,757,2.5,12020.0
202412,764,49.475,240661.0
202412,784,6.0,5100.0
202412,792,14.55,66439.0
202412,842,29.31,227400.0
