obs_date,pub_date,source,source_family,tier,series,grade,location,value,currency,unit,price_type,market,quote_kind,url,confidence,raw_text,vintage_status,value_kind,date_precision
2023-09-10,2023-09-14,nbs_10day,nbs,1,feed.caustic_soda,liquid 32%,China,807.7,CNY,t,market,domestic,survey,https://www.stats.gov.cn/sj/zxfb/202309/t20230914_1942800.html,1.0,烧碱（液碱，32%） | 吨 | 807.7 | 13.7 | 1.7,confirmed,observed,10-day
2023-09-20,2023-09-24,nbs_10day,nbs,1,feed.caustic_soda,liquid 32%,China,892.1,CNY,t,market,domestic,survey,https://www.stats.gov.cn/sj/zxfb/202309/t20230922_1943130.html,1.0,烧碱（液碱，32%） | 吨 | 892.1 | 84.4 | 10.4,confirmed,observed,10-day
2023-09-30,2023-10-08,nbs_10day,nbs,1,feed.caustic_soda,liquid 32%,China,996.6,CNY,t,market,domestic,survey,https://www.stats.gov.cn/sj/zxfb/202310/t20231008_1943363.html,1.0,烧碱（液碱，32%） | 吨 | 996.6 | 104.5 | 11.7,confirmed,observed,10-day
2023-10-10,2023-10-14,nbs_10day,nbs,1,feed.caustic_soda,liquid 32%,China,989.5,CNY,t,market,domestic,survey,https://www.stats.gov.cn/sj/zxfb/202310/t20231013_1943576.html,1.0,烧碱（液碱，32%） | 吨 | 989.5 | -7.1 | -0.7,confirmed,observed,10-day
2023-10-20,2023-10-24,nbs_10day,nbs,1,feed.caustic_soda,liquid 32%,China,962.6,CNY,t,market,domestic,survey,https://www.stats.gov.cn/sj/zxfb/202310/t20231024_1943867.html,1.0,烧碱（液碱，32%） | 吨 | 962.6 | -26.9 | -2.7,confirmed,observed,10-day
2023-10-31,2023-11-04,nbs_10day,nbs,1,feed.caustic_soda,liquid 32%,China,856.3,CNY,t,market,domestic,survey,https://www.stats.gov.cn/sj/zxfb/202311/t20231103_1944116.html,1.0,烧碱（液碱，32%) | 吨 | 856.3 | -106.3 | -11.0,confirmed,observed,10-day
2023-11-10,2023-11-14,nbs_10day,nbs,1,feed.caustic_soda,liquid 32%,China,809.1,CNY,t,market,domestic,survey,https://www.stats.gov.cn/sj/zxfb/202311/t20231113_1944471.html,1.0,烧碱（液碱，32%） | 吨 | 809.1 | -47.2 | -5.5,confirmed,observed,10-day
2023-11-20,2023-11-24,nbs_10day,nbs,1,feed.caustic_soda,liquid 32%,China,819.5,CNY,t,market,domestic,survey,https://www.stats.gov.cn/sj/zxfb/202311/t20231124_1944859.html,1.0,烧碱（液碱，32%） | 吨 | 819.5 | 10.4 | 1.3,confirmed,observed,10-day
2023-11-30,2023-12-04,nbs_10day,nbs,1,feed.caustic_soda,liquid 32%,China,825.8,CNY,t,market,domestic,survey,https://www.stats.gov.cn/sj/zxfb/202312/t20231204_1945127.html,1.0,烧碱（液碱，32%） | 吨 | 825.8 | 6.3 | 0.8,confirmed,observed,10-day
2023-12-10,2023-12-14,nbs_10day,nbs,1,feed.caustic_soda,liquid 32%,China,814.5,CNY,t,market,domestic,survey,https://www.stats.gov.cn/sj/zxfb/202312/t20231213_1945508.html,1.0,烧碱（液碱，32%） | 吨 | 814.5 | -11.3 | -1.4,confirmed,observed,10-day
2023-12-20,2023-12-24,nbs_10day,nbs,1,feed.caustic_soda,liquid 32%,China,790.7,CNY,t,market,domestic,survey,https://www.stats.gov.cn/sj/zxfb/202312/t20231222_1945723.html,1.0,烧碱（液碱，32%） | 吨 | 790.7 | -23.8 | -2.9,confirmed,observed,10-day
2023-12-31,2024-01-04,nbs_10day,nbs,1,feed.caustic_soda,liquid 32%,China,772.3,CNY,t,market,domestic,survey,https://www.stats.gov.cn/sj/zxfb/202401/t20240104_1946219.html,1.0,烧碱（液碱，32%） | 吨 | 772.3 | -18.4 | -2.3,confirmed,observed,10-day
2024-01-10,2024-01-14,nbs_10day,nbs,1,feed.caustic_soda,liquid 32%,China,769.1,CNY,t,market,domestic,survey,https://www.stats.gov.cn/sj/zxfb/202401/t20240113_1946522.html,1.0,烧碱（液碱，32%） | 吨 | 769.1 | -3.2 | -0.4,confirmed,observed,10-day
2024-01-20,2024-01-24,nbs_10day,nbs,1,feed.caustic_soda,liquid 32%,China,769.2,CNY,t,market,domestic,survey,https://www.stats.gov.cn/sj/zxfb/202401/t20240123_1946828.html,1.0,烧碱（液碱，32%） | 吨 | 769.2 | 0.1 | 0.0,confirmed,observed,10-day
2024-01-31,2024-02-04,nbs_10day,nbs,1,feed.caustic_soda,liquid 32%,China,790.0,CNY,t,market,domestic,survey,https://www.stats.gov.cn/sj/zxfb/202402/t20240202_1947216.html,1.0,烧碱（液碱，32%） | 吨 | 790.0 | 20.8 | 2.7,confirmed,observed,10-day
2024-02-10,2024-02-14,nbs_10day,nbs,1,feed.caustic_soda,liquid 32%,China,788.1,CNY,t,market,domestic,survey,https://www.stats.gov.cn/sj/zxfb/202402/t20240207_1947532.html,1.0,烧碱（液碱，32%） | 吨 | 788.1 | -1.9 | -0.2,confirmed,observed,10-day
2024-02-29,2024-03-04,nbs_10day,nbs,1,feed.caustic_soda,liquid 32%,China,789.4,CNY,t,market,domestic,survey,https://www.stats.gov.cn/sj/zxfb/202403/t20240321_1948076.html,1.0,烧碱（液碱，32%） | 吨 | 789.4 | 7.3 | 0.9,confirmed,observed,10-day
2024-03-10,2024-03-14,nbs_10day,nbs,1,feed.caustic_soda,liquid 32%,China,796.1,CNY,t,market,domestic,survey,https://www.stats.gov.cn/sj/zxfb/202403/t20240321_1948097.html,1.0,烧碱（液碱，32%） | 吨 | 796.1 | 6.7 | 0.8,confirmed,observed,10-day
2024-03-20,2024-03-24,nbs_10day,nbs,1,feed.caustic_soda,liquid 32%,China,822.8,CNY,t,market,domestic,survey,https://www.stats.gov.cn/sj/zxfb/202403/t20240325_1948145.html,1.0,烧碱（液碱，32%） | 吨 | 822.8 | 26.7 | 3.4,confirmed,observed,10-day
2024-03-31,2024-04-04,nbs_10day,nbs,1,feed.caustic_soda,liquid 32%,China,866.0,CNY,t,market,domestic,survey,https://www.stats.gov.cn/sj/zxfb/202404/t20240403_1948249.html,1.0,烧碱（液碱，32%） | 吨 | 866.0 | 43.2 | 5.3,confirmed,observed,10-day
2024-04-10,2024-04-14,nbs_10day,nbs,1,feed.caustic_soda,liquid 32%,China,828.8,CNY,t,market,domestic,survey,https://www.stats.gov.cn/sj/zxfb/202404/t20240412_1948512.html,1.0,烧碱（液碱，32%） | 吨 | 828.8 | -37.2 | -4.3,confirmed,observed,10-day
2024-04-20,2024-04-24,nbs_10day,nbs,1,feed.caustic_soda,liquid 32%,China,785.7,CNY,t,market,domestic,survey,https://www.stats.gov.cn/sj/zxfb/202404/t20240423_1948647.html,1.0,烧碱（液碱，32%） | 吨 | 785.7 | -43.1 | -5.2,confirmed,observed,10-day
2024-04-30,2024-05-07,nbs_10day,nbs,1,feed.caustic_soda,liquid 32%,China,788.9,CNY,t,market,domestic,survey,https://www.stats.gov.cn/sj/zxfb/202405/t20240506_1948962.html,1.0,烧碱（液碱，32%） | 吨 | 788.9 | 3.2 | 0.4,confirmed,observed,10-day
2024-05-10,2024-05-14,nbs_10day,nbs,1,feed.caustic_soda,liquid 32%,China,788.7,CNY,t,market,domestic,survey,https://www.stats.gov.cn/sj/zxfb/202405/t20240514_1950313.html,1.0,烧碱（液碱，32%） | 吨 | 788.7 | -0.2 | 0.0,confirmed,observed,10-day
2024-05-20,2024-05-24,nbs_10day,nbs,1,feed.caustic_soda,liquid 32%,China,801.0,CNY,t,market,domestic,survey,https://www.stats.gov.cn/sj/zxfb/202405/t20240524_1952672.html,1.0,烧碱（液碱，32%） | 吨 | 801.0 | 12.3 | 1.6,confirmed,observed,10-day
2024-05-31,2024-06-04,nbs_10day,nbs,1,feed.caustic_soda,liquid 32%,China,818.1,CNY,t,market,domestic,survey,https://www.stats.gov.cn/sj/zxfb/202406/t20240603_1954218.html,1.0,烧碱（液碱，32%） | 吨 | 818.1 | 17.1 | 2.1,confirmed,observed,10-day
2024-06-10,2024-06-14,nbs_10day,nbs,1,feed.caustic_soda,liquid 32%,China,827.0,CNY,t,market,domestic,survey,https://www.stats.gov.cn/sj/zxfb/202406/t20240613_1954619.html,1.0,烧碱（液碱，32%） | 吨 | 827.0 | 8.9 | 1.1,confirmed,observed,10-day
2024-06-20,2024-06-24,nbs_10day,nbs,1,feed.caustic_soda,liquid 32%,China,826.9,CNY,t,market,domestic,survey,https://www.stats.gov.cn/sj/zxfb/202406/t20240624_1955140.html,1.0,烧碱（液碱，32%） | 吨 | 826.9 | -0.1 | 0.0,confirmed,observed,10-day
2024-06-30,2024-07-04,nbs_10day,nbs,1,feed.caustic_soda,liquid 32%,China,827.9,CNY,t,market,domestic,survey,https://www.stats.gov.cn/sj/zxfb/202407/t20240703_1955359.html,1.0,烧碱（液碱，32%） | 吨 | 827.9 | 1.0 | 0.1,confirmed,observed,10-day
2024-07-10,2024-07-14,nbs_10day,nbs,1,feed.caustic_soda,liquid 32%,China,841.8,CNY,t,market,domestic,survey,https://www.stats.gov.cn/sj/zxfb/202407/t20240712_1955583.html,1.0,烧碱（液碱，32%） | 吨 | 841.8 | 13.9 | 1.7,confirmed,observed,10-day
2024-07-20,2024-07-24,nbs_10day,nbs,1,feed.caustic_soda,liquid 32%,China,847.1,CNY,t,market,domestic,survey,https://www.stats.gov.cn/sj/zxfb/202407/t20240723_1955829.html,1.0,烧碱（液碱，32%） | 吨 | 847.1 | 5.3 | 0.6,confirmed,observed,10-day
2024-07-31,2024-08-04,nbs_10day,nbs,1,feed.caustic_soda,liquid 32%,China,836.1,CNY,t,market,domestic,survey,https://www.stats.gov.cn/sj/zxfb/202408/t20240802_1955927.html,1.0,烧碱（液碱，32%） | 吨 | 836.1 | -11.0 | -1.3,confirmed,observed,10-day
2024-08-10,2024-08-14,nbs_10day,nbs,1,feed.caustic_soda,liquid 32%,China,829.5,CNY,t,market,domestic,survey,https://www.stats.gov.cn/sj/zxfb/202408/t20240813_1955970.html,1.0,烧碱（液碱，32%） | 吨 | 829.5 | -6.6 | -0.8,confirmed,observed,10-day
2024-08-20,2024-08-24,nbs_10day,nbs,1,feed.caustic_soda,liquid 32%,China,820.9,CNY,t,market,domestic,survey,https://www.stats.gov.cn/sj/zxfb/202408/t20240823_1956084.html,1.0,烧碱（液碱，32%） | 吨 | 820.9 | -8.6 | -1.0,confirmed,observed,10-day
2024-08-31,2024-09-04,nbs_10day,nbs,1,feed.caustic_soda,liquid 32%,China,847.9,CNY,t,market,domestic,survey,https://www.stats.gov.cn/sj/zxfb/202409/t20240903_1956185.html,1.0,烧碱（液碱，32%） | 吨 | 847.9 | 27.0 | 3.3,confirmed,observed,10-day
2024-09-10,2024-09-14,nbs_10day,nbs,1,feed.caustic_soda,liquid 32%,China,871.0,CNY,t,market,domestic,survey,https://www.stats.gov.cn/sj/zxfb/202409/t20240913_1956443.html,1.0,烧碱（液碱，32%） | 吨 | 871.0 | 23.1 | 2.7,confirmed,observed,10-day
2024-09-20,2024-09-24,nbs_10day,nbs,1,feed.caustic_soda,liquid 32%,China,870.0,CNY,t,market,domestic,survey,https://www.stats.gov.cn/sj/zxfb/202409/t20240923_1956638.html,1.0,烧碱（液碱，32%） | 吨 | 870.0 | -1.0 | -0.1,confirmed,observed,10-day
2024-09-30,2024-10-09,nbs_10day,nbs,1,feed.caustic_soda,liquid 32%,China,861.0,CNY,t,market,domestic,survey,https://www.stats.gov.cn/sj/zxfb/202410/t20241008_1956826.html,1.0,烧碱（液碱，32%） | 吨 | 861.0 | -9.0 | -1.0,confirmed,observed,10-day
2024-10-10,2024-10-14,nbs_10day,nbs,1,feed.caustic_soda,liquid 32%,China,901.3,CNY,t,market,domestic,survey,https://www.stats.gov.cn/sj/zxfb/202410/t20241013_1956900.html,1.0,烧碱（液碱，32%） | 吨 | 901.3 | 40.3 | 4.7,confirmed,observed,10-day
2024-10-20,2024-10-24,nbs_10day,nbs,1,feed.caustic_soda,liquid 32%,China,939.6,CNY,t,market,domestic,survey,https://www.stats.gov.cn/sj/zxfb/202410/t20241023_1957115.html,1.0,烧碱（液碱，32%） | 吨 | 939.6 | 38.3 | 4.2,confirmed,observed,10-day
2024-10-31,2024-11-04,nbs_10day,nbs,1,feed.caustic_soda,liquid 32%,China,1039.1,CNY,t,market,domestic,survey,https://www.stats.gov.cn/sj/zxfb/202411/t20241101_1957234.html,1.0,烧碱（液碱，32%） | 吨 | 1039.1 | 99.5 | 10.6,confirmed,observed,10-day
2024-11-10,2024-11-14,nbs_10day,nbs,1,feed.caustic_soda,liquid 32%,China,1028.1,CNY,t,market,domestic,survey,https://www.stats.gov.cn/sj/zxfb/202411/t20241112_1957382.html,1.0,烧碱（液碱，32%） | 吨 | 1028.1 | -11.0 | -1.1,confirmed,observed,10-day
2024-11-20,2024-11-24,nbs_10day,nbs,1,feed.caustic_soda,liquid 32%,China,1037.5,CNY,t,market,domestic,survey,https://www.stats.gov.cn/sj/zxfb/202411/t20241122_1957564.html,1.0,烧碱（液碱，32%） | 吨 | 1037.5 | 9.4 | 0.9,confirmed,observed,10-day
2024-11-30,2024-12-04,nbs_10day,nbs,1,feed.caustic_soda,liquid 32%,China,1043.9,CNY,t,market,domestic,survey,https://www.stats.gov.cn/sj/zxfb/202412/t20241203_1957630.html,1.0,烧碱（液碱，32%） | 吨 | 1043.9 | 6.4 | 0.6,confirmed,observed,10-day
2024-12-10,2024-12-14,nbs_10day,nbs,1,feed.caustic_soda,liquid 32%,China,1013.1,CNY,t,market,domestic,survey,https://www.stats.gov.cn/sj/zxfb/202412/t20241213_1957747.html,1.0,烧碱（液碱，32%） | 吨 | 1013.1 | -30.8 | -3.0,confirmed,observed,10-day
2024-12-20,2024-12-24,nbs_10day,nbs,1,feed.caustic_soda,liquid 32%,China,937.7,CNY,t,market,domestic,survey,https://www.stats.gov.cn/sj/zxfb/202412/t20241223_1957829.html,1.0,烧碱（液碱，32%） | 吨 | 937.7 | -75.4 | -7.4,confirmed,observed,10-day
2024-12-31,2025-01-04,nbs_10day,nbs,1,feed.caustic_soda,liquid 32%,China,883.5,CNY,t,market,domestic,survey,https://www.stats.gov.cn/sj/zxfb/202501/t20250103_1958140.html,1.0,烧碱（液碱，32%） | 吨 | 883.5 | -54.2 | -5.8,confirmed,observed,10-day
2025-01-10,2025-01-14,nbs_10day,nbs,1,feed.caustic_soda,liquid 32%,China,872.1,CNY,t,market,domestic,survey,https://www.stats.gov.cn/sj/zxfb/202501/t20250114_1958197.html,1.0,烧碱（液碱，32%） | 吨 | 872.1 | -11.4 | -1.3,confirmed,observed,10-day
2025-01-20,2025-01-24,nbs_10day,nbs,1,feed.caustic_soda,liquid 32%,China,959.9,CNY,t,market,domestic,survey,https://www.stats.gov.cn/sj/zxfb/202501/t20250123_1958423.html,1.0,烧碱（液碱，32%） | 吨 | 959.9 | 87.8 | 10.1,confirmed,observed,10-day
2025-02-10,2025-02-14,nbs_10day,nbs,1,feed.caustic_soda,liquid 32%,China,1046.8,CNY,t,market,domestic,survey,https://www.stats.gov.cn/sj/zxfb/202502/t20250214_1958707.html,1.0,烧碱（液碱，32%） | 吨 | 1046.8 | 25.7 | 2.5,confirmed,observed,10-day
2025-02-20,2025-02-24,nbs_10day,nbs,1,feed.caustic_soda,liquid 32%,China,1041.4,CNY,t,market,domestic,survey,https://www.stats.gov.cn/sj/zxfb/202502/t20250224_1958785.html,1.0,烧碱（液碱，32%） | 吨 | 1041.4 | -5.4 | -0.5,confirmed,observed,10-day
2025-02-28,2025-03-04,nbs_10day,nbs,1,feed.caustic_soda,liquid 32%,China,986.5,CNY,t,market,domestic,survey,https://www.stats.gov.cn/sj/zxfb/202503/t20250304_1958845.html,1.0,烧碱（液碱，32%） | 吨 | 986.5 | -54.9 | -5.3,confirmed,observed,10-day
2025-03-10,2025-03-14,nbs_10day,nbs,1,feed.caustic_soda,liquid 32%,China,991.3,CNY,t,market,domestic,survey,https://www.stats.gov.cn/sj/zxfb/202503/t20250313_1958957.html,1.0,烧碱（液碱，32%） | 吨 | 991.3 | 4.8 | 0.5,confirmed,observed,10-day
2025-03-20,2025-03-24,nbs_10day,nbs,1,feed.caustic_soda,liquid 32%,China,1015.1,CNY,t,market,domestic,survey,https://www.stats.gov.cn/sj/zxfb/202503/t20250324_1959119.html,1.0,烧碱（液碱，32%） | 吨 | 1015.1 | 23.8 | 2.4,confirmed,observed,10-day
2025-03-31,2025-04-04,nbs_10day,nbs,1,feed.caustic_soda,liquid 32%,China,954.0,CNY,t,market,domestic,survey,https://www.stats.gov.cn/sj/zxfb/202504/t20250402_1959191.html,1.0,烧碱（液碱，32%） | 吨 | 954.0 | -61.1 | -6.0,confirmed,observed,10-day
2025-04-10,2025-04-14,nbs_10day,nbs,1,feed.caustic_soda,liquid 32%,China,898.8,CNY,t,market,domestic,survey,https://www.stats.gov.cn/sj/zxfb/202504/t20250414_1959288.html,1.0,烧碱（液碱，32%） | 吨 | 898.8 | -55.2 | -5.8,confirmed,observed,10-day
2025-04-20,2025-04-24,nbs_10day,nbs,1,feed.caustic_soda,liquid 32%,China,858.5,CNY,t,market,domestic,survey,https://www.stats.gov.cn/sj/zxfb/202504/t20250423_1959399.html,1.0,烧碱（液碱，32%） | 吨 | 858.5 | -40.3 | -4.5,confirmed,observed,10-day
2025-04-30,2025-05-07,nbs_10day,nbs,1,feed.caustic_soda,liquid 32%,China,867.1,CNY,t,market,domestic,survey,https://www.stats.gov.cn/sj/zxfb/202505/t20250506_1959568.html,1.0,烧碱（液碱，32%） | 吨 | 867.1 | 8.6 | 1.0,confirmed,observed,10-day
2025-05-10,2025-05-14,nbs_10day,nbs,1,feed.caustic_soda,liquid 32%,China,853.1,CNY,t,market,domestic,survey,https://www.stats.gov.cn/sj/zxfb/202505/t20250514_1959792.html,1.0,烧碱（液碱，32%） | 吨 | 853.1 | -14.0 | -1.6,confirmed,observed,10-day
2025-05-20,2025-05-24,nbs_10day,nbs,1,feed.caustic_soda,liquid 32%,China,873.7,CNY,t,market,domestic,survey,https://www.stats.gov.cn/sj/zxfb/202505/t20250523_1959935.html,1.0,烧碱（液碱，32%） | 吨 | 873.7 | 20.6 | 2.4,confirmed,observed,10-day
2025-05-31,2025-06-04,nbs_10day,nbs,1,feed.caustic_soda,liquid 32%,China,896.0,CNY,t,market,domestic,survey,https://www.stats.gov.cn/sj/zxfb/202506/t20250603_1959991.html,1.0,烧碱（液碱，32%） | 吨 | 896.0 | 22.3 | 2.6,confirmed,observed,10-day
2025-06-10,2025-06-14,nbs_10day,nbs,1,feed.caustic_soda,liquid 32%,China,914.9,CNY,t,market,domestic,survey,https://www.stats.gov.cn/sj/zxfb/202506/t20250613_1960154.html,1.0,烧碱（液碱，32%） | 吨 | 914.9 | 18.9 | 2.1,confirmed,observed,10-day
2025-06-20,2025-06-24,nbs_10day,nbs,1,feed.caustic_soda,liquid 32%,China,899.3,CNY,t,market,domestic,survey,https://www.stats.gov.cn/sj/zxfb/202506/t20250623_1960227.html,1.0,烧碱（液碱，32%） | 吨 | 899.3 | -15.6 | -1.7,confirmed,observed,10-day
2025-06-30,2025-07-04,nbs_10day,nbs,1,feed.caustic_soda,liquid 32%,China,851.3,CNY,t,market,domestic,survey,https://www.stats.gov.cn/sj/zxfb/202507/t20250703_1960315.html,1.0,烧碱（液碱，32%） | 吨 | 851.3 | -48.0 | -5.3,confirmed,observed,10-day
2025-07-10,2025-07-14,nbs_10day,nbs,1,feed.caustic_soda,liquid 32%,China,844.0,CNY,t,market,domestic,survey,https://www.stats.gov.cn/sj/zxfb/202507/t20250714_1960397.html,1.0,烧碱（液碱，32%） | 吨 | 844.0 | -7.3 | -0.9,confirmed,observed,10-day
2025-07-20,2025-07-24,nbs_10day,nbs,1,feed.caustic_soda,liquid 32%,China,872.5,CNY,t,market,domestic,survey,https://www.stats.gov.cn/sj/zxfb/202507/t20250723_1960477.html,1.0,烧碱（液碱，32%） | 吨 | 872.5 | 28.5 | 3.4,confirmed,observed,10-day
2025-07-31,2025-08-04,nbs_10day,nbs,1,feed.caustic_soda,liquid 32%,China,871.7,CNY,t,market,domestic,survey,https://www.stats.gov.cn/sj/zxfb/202508/t20250801_1960583.html,1.0,烧碱（液碱，32%） | 吨 | 871.7 | -0.8 | -0.1,confirmed,observed,10-day
2025-08-10,2025-08-14,nbs_10day,nbs,1,feed.caustic_soda,liquid 32%,China,866.3,CNY,t,market,domestic,survey,https://www.stats.gov.cn/sj/zxfb/202508/t20250813_1960659.html,1.0,烧碱（液碱，32%） | 吨 | 866.3 | -5.4 | -0.6,confirmed,observed,10-day
2025-08-20,2025-08-24,nbs_10day,nbs,1,feed.caustic_soda,liquid 32%,China,869.7,CNY,t,market,domestic,survey,https://www.stats.gov.cn/sj/zxfb/202508/t20250822_1960866.html,1.0,烧碱（液碱，32%） | 吨 | 869.7 | 3.4 | 0.4,confirmed,observed,10-day
2025-08-31,2025-09-04,nbs_10day,nbs,1,feed.caustic_soda,liquid 32%,China,896.1,CNY,t,market,domestic,survey,https://www.stats.gov.cn/sj/zxfb/202509/t20250903_1961000.html,1.0,烧碱（液碱，32%） | 吨 | 896.1 | 26.4 | 3.0,confirmed,observed,10-day
2025-09-10,2025-09-14,nbs_10day,nbs,1,feed.caustic_soda,liquid 32%,China,909.7,CNY,t,market,domestic,survey,https://www.stats.gov.cn/sj/zxfb/202509/t20250912_1961169.html,1.0,烧碱（液碱，32%） | 吨 | 909.7 | 13.6 | 1.5,confirmed,observed,10-day
2025-09-20,2025-09-24,nbs_10day,nbs,1,feed.caustic_soda,liquid 32%,China,893.2,CNY,t,market,domestic,survey,https://www.stats.gov.cn/sj/zxfb/202509/t20250923_1961330.html,1.0,烧碱（液碱，32%） | 吨 | 893.2 | -16.5 | -1.8,confirmed,observed,10-day
2025-09-30,2025-10-10,nbs_10day,nbs,1,feed.caustic_soda,liquid 32%,China,867.5,CNY,t,market,domestic,survey,https://www.stats.gov.cn/sj/zxfb/202510/t20251009_1961456.html,1.0,烧碱（液碱，32%） | 吨 | 867.5 | -25.7 | -2.9,confirmed,observed,10-day
2025-10-20,2025-10-24,nbs_10day,nbs,1,feed.caustic_soda,liquid 32%,China,877.1,CNY,t,market,domestic,survey,https://www.stats.gov.cn/sj/zxfb/202510/t20251023_1961676.html,1.0,烧碱（液碱，32%） | 吨 | 877.1 | 9.6 | 1.1,confirmed,observed,10-day
2025-10-31,2025-11-04,nbs_10day,nbs,1,feed.caustic_soda,liquid 32%,China,869.3,CNY,t,market,domestic,survey,https://www.stats.gov.cn/sj/zxfb/202511/t20251103_1961784.html,1.0,烧碱（液碱，32%） | 吨 | 869.3 | -7.8 | -0.9,confirmed,observed,10-day
2025-11-10,2025-11-14,nbs_10day,nbs,1,feed.caustic_soda,liquid 32%,China,858.1,CNY,t,market,domestic,survey,https://www.stats.gov.cn/sj/zxfb/202511/t20251113_1961845.html,1.0,烧碱（液碱，32%） | 吨 | 858.1 | -11.2 | -1.3,confirmed,observed,10-day
2025-11-20,2025-11-24,nbs_10day,nbs,1,feed.caustic_soda,liquid 32%,China,846.0,CNY,t,market,domestic,survey,https://www.stats.gov.cn/sj/zxfb/202511/t20251124_1961911.html,1.0,烧碱（液碱，32%） | 吨 | 846.0 | -12.1 | -1.4,confirmed,observed,10-day
2025-11-30,2025-12-04,nbs_10day,nbs,1,feed.caustic_soda,liquid 32%,China,825.1,CNY,t,market,domestic,survey,https://www.stats.gov.cn/sj/zxfb/202512/t20251203_1961979.html,1.0,烧碱（液碱，32%） | 吨 | 825.1 | -20.9 | -2.5,confirmed,observed,10-day
2025-12-10,2025-12-14,nbs_10day,nbs,1,feed.caustic_soda,liquid 32%,China,783.0,CNY,t,market,domestic,survey,https://www.stats.gov.cn/sj/zxfb/202512/t20251212_1962058.html,1.0,烧碱（液碱，32%） | 吨 | 783.0 | -42.1 | -5.1,confirmed,observed,10-day
2025-12-20,2025-12-24,nbs_10day,nbs,1,feed.caustic_soda,liquid 32%,China,762.6,CNY,t,market,domestic,survey,https://www.stats.gov.cn/sj/zxfb/202512/t20251223_1962128.html,1.0,烧碱（液碱，32%） | 吨 | 762.6 | -20.4 | -2.6,confirmed,observed,10-day
2025-12-31,2026-01-04,nbs_10day,nbs,1,feed.caustic_soda,liquid 32%,China,753.8,CNY,t,market,domestic,survey,https://www.stats.gov.cn/sj/zxfb/202601/t20260104_1962240.html,1.0,烧碱（液碱，32%） | 吨 | 753.8 | -8.8 | -1.2,confirmed,observed,10-day
2026-01-10,2026-01-14,nbs_10day,nbs,1,feed.caustic_soda,liquid 32%,China,740.9,CNY,t,market,domestic,survey,https://www.stats.gov.cn/sj/zxfb/202601/t20260113_1962302.html,1.0,烧碱（液碱，32%） | 吨 | 740.9 | -12.9 | -1.7,confirmed,observed,10-day
2026-01-20,2026-01-24,nbs_10day,nbs,1,feed.caustic_soda,liquid 32%,China,716.6,CNY,t,market,domestic,survey,https://www.stats.gov.cn/sj/zxfb/202601/t20260123_1962369.html,1.0,烧碱（液碱，32%） | 吨 | 716.6 | -24.3 | -3.3,confirmed,observed,10-day
2026-01-31,2026-02-04,nbs_10day,nbs,1,feed.caustic_soda,liquid 32%,China,679.8,CNY,t,market,domestic,survey,https://www.stats.gov.cn/sj/zxfb/202602/t20260204_1962539.html,1.0,烧碱（液碱，32%） | 吨 | 679.8 | -36.8 | -5.1,confirmed,observed,10-day
2026-02-10,2026-02-14,nbs_10day,nbs,1,feed.caustic_soda,liquid 32%,China,663.8,CNY,t,market,domestic,survey,https://www.stats.gov.cn/sj/zxfb/202602/t20260213_1962621.html,1.0,烧碱（液碱，32%） | 吨 | 663.8 | -16.0 | -2.4,confirmed,observed,10-day
2026-02-28,2026-03-04,nbs_10day,nbs,1,feed.caustic_soda,liquid 32%,China,691.7,CNY,t,market,domestic,survey,https://www.stats.gov.cn/sj/zxfb/202603/t20260303_1962691.html,1.0,烧碱（液碱，32%） | 吨 | 691.7 | 27.9 | 4.2,confirmed,observed,10-day
2026-03-10,2026-03-14,nbs_10day,nbs,1,feed.caustic_soda,liquid 32%,China,708.4,CNY,t,market,domestic,survey,https://www.stats.gov.cn/sj/zxfb/202603/t20260312_1962756.html,1.0,烧碱（液碱，32%） | 吨 | 708.4 | 16.7 | 2.4,confirmed,observed,10-day
2026-03-20,2026-03-24,nbs_10day,nbs,1,feed.caustic_soda,liquid 32%,China,750.1,CNY,t,market,domestic,survey,https://www.stats.gov.cn/sj/zxfb/202603/t20260323_1962824.html,1.0,烧碱（液碱，32%） | 吨 | 750.1 | 41.7 | 5.9,confirmed,observed,10-day
2026-03-31,2026-04-04,nbs_10day,nbs,1,feed.caustic_soda,liquid 32%,China,794.9,CNY,t,market,domestic,survey,https://www.stats.gov.cn/sj/zxfb/202604/t20260403_1962983.html,1.0,烧碱（液碱，32%） | 吨 | 794.9 | 44.8 | 6.0,confirmed,observed,10-day
2026-04-10,2026-04-14,nbs_10day,nbs,1,feed.caustic_soda,liquid 32%,China,804.5,CNY,t,market,domestic,survey,https://www.stats.gov.cn/sj/zxfb/202604/t20260413_1963295.html,1.0,烧碱（液碱，32%） | 吨 | 804.5 | 9.6 | 1.2,confirmed,observed,10-day
2026-04-20,2026-04-24,nbs_10day,nbs,1,feed.caustic_soda,liquid 32%,China,766.1,CNY,t,market,domestic,survey,https://www.stats.gov.cn/sj/zxfb/202604/t20260424_1963388.html,1.0,烧碱（液碱，32%） | 吨 | 766.1 | -38.4 | -4.8,confirmed,observed,10-day
2026-04-30,2026-05-07,nbs_10day,nbs,1,feed.caustic_soda,liquid 32%,China,702.9,CNY,t,market,domestic,survey,https://www.stats.gov.cn/sj/zxfb/202605/t20260506_1963594.html,1.0,烧碱（液碱，32%） | 吨 | 702.9 | -63.2 | -8.2,confirmed,observed,10-day
2026-05-10,2026-05-14,nbs_10day,nbs,1,feed.caustic_soda,liquid 32%,China,669.7,CNY,t,market,domestic,survey,https://www.stats.gov.cn/sj/zxfb/202605/t20260514_1963691.html,1.0,烧碱（液碱，32%） | 吨 | 669.7 | -33.2 | -4.7,confirmed,observed,10-day
2026-05-20,2026-05-24,nbs_10day,nbs,1,feed.caustic_soda,liquid 32%,China,681.8,CNY,t,market,domestic,survey,https://www.stats.gov.cn/sj/zxfb/202605/t20260522_1963786.html,1.0,烧碱（液碱，32%） | 吨 | 681.8 | 12.1 | 1.8,confirmed,observed,10-day
2026-05-31,2026-06-04,nbs_10day,nbs,1,feed.caustic_soda,liquid 32%,China,680.1,CNY,t,market,domestic,survey,https://www.stats.gov.cn/sj/zxfb/202606/t20260603_1963874.html,1.0,烧碱（液碱，32%） | 吨 | 680.1 | -1.7 | -0.2,confirmed,observed,10-day
2026-06-10,2026-06-14,nbs_10day,nbs,1,feed.caustic_soda,liquid 32%,China,673.7,CNY,t,market,domestic,survey,https://www.stats.gov.cn/sj/zxfb/202606/t20260612_1963938.html,1.0,烧碱（液碱，32%） | 吨 | 673.7 | -6.4 | -0.9,confirmed,observed,10-day
2026-06-20,2026-06-24,nbs_10day,nbs,1,feed.caustic_soda,liquid 32%,China,704.8,CNY,t,market,domestic,survey,https://www.stats.gov.cn/sj/zxfb/202606/t20260623_1963989.html,1.0,烧碱（液碱，32%） | 吨 | 704.8 | 31.1 | 4.6,confirmed,observed,10-day
2026-06-30,2026-07-04,nbs_10day,nbs,1,feed.caustic_soda,liquid 32%,China,712.5,CNY,t,market,domestic,survey,https://www.stats.gov.cn/sj/zxfb/202607/t20260703_1964057.html,1.0,烧碱（液碱，32%） | 吨 | 712.5 | 7.7 | 1.1,confirmed,observed,10-day
2026-07-10,2026-07-14,nbs_10day,nbs,1,feed.caustic_soda,liquid 32%,China,680.9,CNY,t,market,domestic,survey,https://www.stats.gov.cn/sj/zxfb/202607/t20260713_1964100.html,1.0,烧碱（液碱，32%） | 吨 | 680.9 | -31.6 | -4.4,confirmed,observed,10-day
2026-07-20,2026-07-24,nbs_10day,nbs,1,feed.caustic_soda,liquid 32%,China,688.9,CNY,t,market,domestic,survey,https://www.stats.gov.cn/sj/zxfb/202607/t20260723_1964185.html,1.0,烧碱（液碱，32%） | 吨 | 688.9 | 8.0 | 1.2,confirmed,observed,10-day
2026-07-31,2026-08-04,nbs_10day,nbs,1,feed.caustic_soda,liquid 32%,China,690.0,CNY,t,market,domestic,survey,https://www.stats.gov.cn/sj/zxfb/202608/t20260803_1964273.html,1.0,烧碱（液碱，32%） | 吨 | 690.0 | 1.1 | 0.2,confirmed,observed,10-day
2026-08-10,2026-08-14,nbs_10day,nbs,1,feed.caustic_soda,liquid 32%,China,684.8,CNY,t,market,domestic,survey,https://www.stats.gov.cn/sj/zxfb/202608/t20260813_1965025.html,1.0,烧碱（液碱，32%） | 吨 | 684.8 | -5.2 | -0.8,confirmed,observed,10-day
2026-08-20,2026-08-24,nbs_10day,nbs,1,feed.caustic_soda,liquid 32%,China,684.5,CNY,t,market,domestic,survey,https://www.stats.gov.cn/sj/zxfb/202608/t20260821_1965093.html,1.0,烧碱（液碱，32%） | 吨 | 684.5 | -0.3 | 0.0,confirmed,observed,10-day
2026-08-31,2026-09-04,nbs_10day,nbs,1,feed.caustic_soda,liquid 32%,China,685.4,CNY,t,market,domestic,survey,https://www.stats.gov.cn/sj/zxfb/202609/t20260903_1965182.html,1.0,烧碱（液碱，32%） | 吨 | 685.4 | 0.9 | 0.1,confirmed,observed,10-day
2026-09-10,2026-09-14,nbs_10day,nbs,1,feed.caustic_soda,liquid 32%,China,682.6,CNY,t,market,domestic,survey,https://www.stats.gov.cn/sj/zxfb/202609/t20260914_1965293.html,1.0,烧碱（液碱，32%） | 吨 | 682.6 | -2.8 | -0.4,confirmed,observed,10-day
2026-09-20,2026-09-24,nbs_10day,nbs,1,feed.caustic_soda,liquid 32%,China,682.6,CNY,t,market,domestic,survey,https://www.stats.gov.cn/sj/zxfb/202609/t20260923_1965403.html,1.0,烧碱（液碱，32%） | 吨 | 682.6 | 0.0 | 0.0,confirmed,observed,10-day
2026-09-30,2026-10-09,nbs_10day,nbs,1,feed.caustic_soda,liquid 32%,China,676.2,CNY,t,market,domestic,survey,https://www.stats.gov.cn/sj/zxfb/202610/t20261008_1965465.html,1.0,烧碱（液碱，32%） | 吨 | 676.2 | -6.4 | -0.9,confirmed,observed,10-day
2023-09-10,2023-09-14,nbs_10day,nbs,1,feed.coke,quasi-grade-1 metallurgical,China,2012.9,CNY,t,market,domestic,survey,https://www.stats.gov.cn/sj/zxfb/202309/t20230914_1942800.html,1.0,焦炭（准一级冶金焦） | 吨 | 2012.9 | -26.1 | -1.3,confirmed,observed,10-day
2023-09-20,2023-09-24,nbs_10day,nbs,1,feed.coke,quasi-grade-1 metallurgical,China,2024.8,CNY,t,market,domestic,survey,https://www.stats.gov.cn/sj/zxfb/202309/t20230922_1943130.html,1.0,焦炭（准一级冶金焦） | 吨 | 2024.8 | 11.9 | 0.6,confirmed,observed,10-day
2023-09-30,2023-10-08,nbs_10day,nbs,1,feed.coke,quasi-grade-1 metallurgical,China,2146.2,CNY,t,market,domestic,survey,https://www.stats.gov.cn/sj/zxfb/202310/t20231008_1943363.html,1.0,焦炭（准一级冶金焦） | 吨 | 2146.2 | 121.4 | 6.0,confirmed,observed,10-day
2023-10-10,2023-10-14,nbs_10day,nbs,1,feed.coke,quasi-grade-1 metallurgical,China,2212.9,CNY,t,market,domestic,survey,https://www.stats.gov.cn/sj/zxfb/202310/t20231013_1943576.html,1.0,焦炭（准一级冶金焦） | 吨 | 2212.9 | 66.7 | 3.1,confirmed,observed,10-day
2023-10-20,2023-10-24,nbs_10day,nbs,1,feed.coke,quasi-grade-1 metallurgical,China,2212.9,CNY,t,market,domestic,survey,https://www.stats.gov.cn/sj/zxfb/202310/t20231024_1943867.html,1.0,焦炭（准一级冶金焦） | 吨 | 2212.9 | 0.0 | 0.0,confirmed,observed,10-day
2023-10-31,2023-11-04,nbs_10day,nbs,1,feed.coke,quasi-grade-1 metallurgical,China,2198.6,CNY,t,market,domestic,survey,https://www.stats.gov.cn/sj/zxfb/202311/t20231103_1944116.html,1.0,焦炭（准一级冶金焦） | 吨 | 2198.6 | -14.3 | -0.6,confirmed,observed,10-day
2023-11-10,2023-11-14,nbs_10day,nbs,1,feed.coke,quasi-grade-1 metallurgical,China,2112.9,CNY,t,market,domestic,survey,https://www.stats.gov.cn/sj/zxfb/202311/t20231113_1944471.html,1.0,焦炭（准一级冶金焦） | 吨 | 2112.9 | -85.7 | -3.9,confirmed,observed,10-day
2023-11-20,2023-11-24,nbs_10day,nbs,1,feed.coke,quasi-grade-1 metallurgical,China,2129.6,CNY,t,market,domestic,survey,https://www.stats.gov.cn/sj/zxfb/202311/t20231124_1944859.html,1.0,焦炭（准一级冶金焦） | 吨 | 2129.6 | 16.7 | 0.8,confirmed,observed,10-day
2023-11-30,2023-12-04,nbs_10day,nbs,1,feed.coke,quasi-grade-1 metallurgical,China,2250.4,CNY,t,market,domestic,survey,https://www.stats.gov.cn/sj/zxfb/202312/t20231204_1945127.html,1.0,焦炭（准一级冶金焦） | 吨 | 2250.4 | 120.8 | 5.7,confirmed,observed,10-day
2023-12-10,2023-12-14,nbs_10day,nbs,1,feed.coke,quasi-grade-1 metallurgical,China,2312.9,CNY,t,market,domestic,survey,https://www.stats.gov.cn/sj/zxfb/202312/t20231213_1945508.html,1.0,焦炭（准一级冶金焦） | 吨 | 2312.9 | 62.5 | 2.8,confirmed,observed,10-day
2023-12-20,2023-12-24,nbs_10day,nbs,1,feed.coke,quasi-grade-1 metallurgical,China,2400.4,CNY,t,market,domestic,survey,https://www.stats.gov.cn/sj/zxfb/202312/t20231222_1945723.html,1.0,焦炭（准一级冶金焦） | 吨 | 2400.4 | 87.5 | 3.8,confirmed,observed,10-day
2023-12-31,2024-01-04,nbs_10day,nbs,1,feed.coke,quasi-grade-1 metallurgical,China,2412.9,CNY,t,market,domestic,survey,https://www.stats.gov.cn/sj/zxfb/202401/t20240104_1946219.html,1.0,焦炭（准一级冶金焦） | 吨 | 2412.9 | 12.5 | 0.5,confirmed,observed,10-day
2024-01-10,2024-01-14,nbs_10day,nbs,1,feed.coke,quasi-grade-1 metallurgical,China,2312.9,CNY,t,market,domestic,survey,https://www.stats.gov.cn/sj/zxfb/202401/t20240113_1946522.html,1.0,焦炭（准一级冶金焦） | 吨 | 2312.9 | -100.0 | -4.1,confirmed,observed,10-day
2024-01-20,2024-01-24,nbs_10day,nbs,1,feed.coke,quasi-grade-1 metallurgical,China,2212.9,CNY,t,market,domestic,survey,https://www.stats.gov.cn/sj/zxfb/202401/t20240123_1946828.html,1.0,焦炭（准一级冶金焦） | 吨 | 2212.9 | -100.0 | -4.3,confirmed,observed,10-day
2024-01-31,2024-02-04,nbs_10day,nbs,1,feed.coke,quasi-grade-1 metallurgical,China,2212.9,CNY,t,market,domestic,survey,https://www.stats.gov.cn/sj/zxfb/202402/t20240202_1947216.html,1.0,焦炭（准一级冶金焦） | 吨 | 2212.9 | 0.0 | 0.0,confirmed,observed,10-day
2024-02-10,2024-02-14,nbs_10day,nbs,1,feed.coke,quasi-grade-1 metallurgical,China,2212.9,CNY,t,market,domestic,survey,https://www.stats.gov.cn/sj/zxfb/202402/t20240207_1947532.html,1.0,焦炭（准一级冶金焦） | 吨 | 2212.9 | 0.0 | 0.0,confirmed,observed,10-day
2024-02-29,2024-03-04,nbs_10day,nbs,1,feed.coke,quasi-grade-1 metallurgical,China,2070.0,CNY,t,market,domestic,survey,https://www.stats.gov.cn/sj/zxfb/202403/t20240321_1948076.html,1.0,焦炭（准一级冶金焦） | 吨 | 2070.0 | -76.2 | -3.6,confirmed,observed,10-day
2024-03-10,2024-03-14,nbs_10day,nbs,1,feed.coke,quasi-grade-1 metallurgical,China,2012.9,CNY,t,market,domestic,survey,https://www.stats.gov.cn/sj/zxfb/202403/t20240321_1948097.html,1.0,焦炭（准一级冶金焦） | 吨 | 2012.9 | -57.1 | -2.8,confirmed,observed,10-day
2024-03-20,2024-03-24,nbs_10day,nbs,1,feed.coke,quasi-grade-1 metallurgical,China,1912.9,CNY,t,market,domestic,survey,https://www.stats.gov.cn/sj/zxfb/202403/t20240325_1948145.html,1.0,焦炭（准一级冶金焦） | 吨 | 1912.9 | -100.0 | -5.0,confirmed,observed,10-day
2024-03-31,2024-04-04,nbs_10day,nbs,1,feed.coke,quasi-grade-1 metallurgical,China,1784.3,CNY,t,market,domestic,survey,https://www.stats.gov.cn/sj/zxfb/202404/t20240403_1948249.html,1.0,焦炭（准一级冶金焦） | 吨 | 1784.3 | -128.6 | -6.7,confirmed,observed,10-day
2024-04-10,2024-04-14,nbs_10day,nbs,1,feed.coke,quasi-grade-1 metallurgical,China,1684.3,CNY,t,market,domestic,survey,https://www.stats.gov.cn/sj/zxfb/202404/t20240412_1948512.html,1.0,焦炭（准一级冶金焦） | 吨 | 1684.3 | -100.0 | -5.6,confirmed,observed,10-day
2024-04-20,2024-04-24,nbs_10day,nbs,1,feed.coke,quasi-grade-1 metallurgical,China,1655.8,CNY,t,market,domestic,survey,https://www.stats.gov.cn/sj/zxfb/202404/t20240423_1948647.html,1.0,焦炭（准一级冶金焦） | 吨 | 1655.8 | -28.5 | -1.7,confirmed,observed,10-day
2024-04-30,2024-05-07,nbs_10day,nbs,1,feed.coke,quasi-grade-1 metallurgical,China,1855.8,CNY,t,market,domestic,survey,https://www.stats.gov.cn/sj/zxfb/202405/t20240506_1948962.html,1.0,焦炭（准一级冶金焦） | 吨 | 1855.8 | 200.0 | 12.1,confirmed,observed,10-day
2024-05-10,2024-05-14,nbs_10day,nbs,1,feed.coke,quasi-grade-1 metallurgical,China,2012.9,CNY,t,market,domestic,survey,https://www.stats.gov.cn/sj/zxfb/202405/t20240514_1950313.html,1.0,焦炭（准一级冶金焦） | 吨 | 2012.9 | 157.1 | 8.5,confirmed,observed,10-day
2024-05-20,2024-05-24,nbs_10day,nbs,1,feed.coke,quasi-grade-1 metallurgical,China,2012.9,CNY,t,market,domestic,survey,https://www.stats.gov.cn/sj/zxfb/202405/t20240524_1952672.html,1.0,焦炭（准一级冶金焦） | 吨 | 2012.9 | 0.0 | 0.0,confirmed,observed,10-day
2024-05-31,2024-06-04,nbs_10day,nbs,1,feed.coke,quasi-grade-1 metallurgical,China,1913.5,CNY,t,market,domestic,survey,https://www.stats.gov.cn/sj/zxfb/202406/t20240603_1954218.html,1.0,焦炭（准一级冶金焦） | 吨 | 1913.5 | -99.4 | -4.9,confirmed,observed,10-day
2024-06-10,2024-06-14,nbs_10day,nbs,1,feed.coke,quasi-grade-1 metallurgical,China,1912.9,CNY,t,market,domestic,survey,https://www.stats.gov.cn/sj/zxfb/202406/t20240613_1954619.html,1.0,焦炭（准一级冶金焦） | 吨 | 1912.9 | -0.6 | 0.0,confirmed,observed,10-day
2024-06-20,2024-06-24,nbs_10day,nbs,1,feed.coke,quasi-grade-1 metallurgical,China,1874.4,CNY,t,market,domestic,survey,https://www.stats.gov.cn/sj/zxfb/202406/t20240624_1955140.html,1.0,焦炭（准一级冶金焦） | 吨 | 1874.4 | -38.5 | -2.0,confirmed,observed,10-day
2024-06-30,2024-07-04,nbs_10day,nbs,1,feed.coke,quasi-grade-1 metallurgical,China,1887.9,CNY,t,market,domestic,survey,https://www.stats.gov.cn/sj/zxfb/202407/t20240703_1955359.html,1.0,焦炭（准一级冶金焦） | 吨 | 1887.9 | 13.5 | 0.7,confirmed,observed,10-day
2024-07-10,2024-07-14,nbs_10day,nbs,1,feed.coke,quasi-grade-1 metallurgical,China,1912.9,CNY,t,market,domestic,survey,https://www.stats.gov.cn/sj/zxfb/202407/t20240712_1955583.html,1.0,焦炭（准一级冶金焦） | 吨 | 1912.9 | 25.0 | 1.3,confirmed,observed,10-day
2024-07-20,2024-07-24,nbs_10day,nbs,1,feed.coke,quasi-grade-1 metallurgical,China,1912.9,CNY,t,market,domestic,survey,https://www.stats.gov.cn/sj/zxfb/202407/t20240723_1955829.html,1.0,焦炭（准一级冶金焦） | 吨 | 1912.9 | 0.0 | 0.0,confirmed,observed,10-day
2024-07-31,2024-08-04,nbs_10day,nbs,1,feed.coke,quasi-grade-1 metallurgical,China,1894.2,CNY,t,market,domestic,survey,https://www.stats.gov.cn/sj/zxfb/202408/t20240802_1955927.html,1.0,焦炭（准一级冶金焦） | 吨 | 1894.2 | -18.7 | -1.0,confirmed,observed,10-day
2024-08-10,2024-08-14,nbs_10day,nbs,1,feed.coke,quasi-grade-1 metallurgical,China,1827.2,CNY,t,market,domestic,survey,https://www.stats.gov.cn/sj/zxfb/202408/t20240813_1955970.html,1.0,焦炭（准一级冶金焦） | 吨 | 1827.2 | -67.0 | -3.5,confirmed,observed,10-day
2024-08-20,2024-08-24,nbs_10day,nbs,1,feed.coke,quasi-grade-1 metallurgical,China,1727.2,CNY,t,market,domestic,survey,https://www.stats.gov.cn/sj/zxfb/202408/t20240823_1956084.html,1.0,焦炭（准一级冶金焦） | 吨 | 1727.2 | -100.0 | -5.5,confirmed,observed,10-day
2024-08-31,2024-09-04,nbs_10day,nbs,1,feed.coke,quasi-grade-1 metallurgical,China,1612.9,CNY,t,market,domestic,survey,https://www.stats.gov.cn/sj/zxfb/202409/t20240903_1956185.html,1.0,焦炭（准一级冶金焦） | 吨 | 1612.9 | -114.3 | -6.6,confirmed,observed,10-day
2024-09-10,2024-09-14,nbs_10day,nbs,1,feed.coke,quasi-grade-1 metallurgical,China,1555.8,CNY,t,market,domestic,survey,https://www.stats.gov.cn/sj/zxfb/202409/t20240913_1956443.html,1.0,焦炭（准一级冶金焦） | 吨 | 1555.8 | -57.1 | -3.5,confirmed,observed,10-day
2024-09-20,2024-09-24,nbs_10day,nbs,1,feed.coke,quasi-grade-1 metallurgical,China,1521.2,CNY,t,market,domestic,survey,https://www.stats.gov.cn/sj/zxfb/202409/t20240923_1956638.html,1.0,焦炭（准一级冶金焦） | 吨 | 1521.2 | -34.6 | -2.2,confirmed,observed,10-day
2024-09-30,2024-10-09,nbs_10day,nbs,1,feed.coke,quasi-grade-1 metallurgical,China,1591.7,CNY,t,market,domestic,survey,https://www.stats.gov.cn/sj/zxfb/202410/t20241008_1956826.html,1.0,焦炭（准一级冶金焦） | 吨 | 1591.7 | 70.5 | 4.6,confirmed,observed,10-day
2024-10-10,2024-10-14,nbs_10day,nbs,1,feed.coke,quasi-grade-1 metallurgical,China,1768.7,CNY,t,market,domestic,survey,https://www.stats.gov.cn/sj/zxfb/202410/t20241013_1956900.html,1.0,焦炭（准一级冶金焦） | 吨 | 1768.7 | 177.0 | 11.1,confirmed,observed,10-day
2024-10-20,2024-10-24,nbs_10day,nbs,1,feed.coke,quasi-grade-1 metallurgical,China,1797.2,CNY,t,market,domestic,survey,https://www.stats.gov.cn/sj/zxfb/202410/t20241023_1957115.html,1.0,焦炭（准一级冶金焦） | 吨 | 1797.2 | 28.5 | 1.6,confirmed,observed,10-day
2024-10-31,2024-11-04,nbs_10day,nbs,1,feed.coke,quasi-grade-1 metallurgical,China,1784.3,CNY,t,market,domestic,survey,https://www.stats.gov.cn/sj/zxfb/202411/t20241101_1957234.html,1.0,焦炭（准一级冶金焦） | 吨 | 1784.3 | -12.9 | -0.7,confirmed,observed,10-day
2024-11-10,2024-11-14,nbs_10day,nbs,1,feed.coke,quasi-grade-1 metallurgical,China,1762.2,CNY,t,market,domestic,survey,https://www.stats.gov.cn/sj/zxfb/202411/t20241112_1957382.html,1.0,焦炭（准一级冶金焦） | 吨 | 1762.2 | -22.1 | -1.2,confirmed,observed,10-day
2024-11-20,2024-11-24,nbs_10day,nbs,1,feed.coke,quasi-grade-1 metallurgical,China,1699.9,CNY,t,market,domestic,survey,https://www.stats.gov.cn/sj/zxfb/202411/t20241122_1957564.html,1.0,焦炭（准一级冶金焦） | 吨 | 1699.9 | -62.3 | -3.5,confirmed,observed,10-day
2024-11-30,2024-12-04,nbs_10day,nbs,1,feed.coke,quasi-grade-1 metallurgical,China,1668.7,CNY,t,market,domestic,survey,https://www.stats.gov.cn/sj/zxfb/202412/t20241203_1957630.html,1.0,焦炭（准一级冶金焦） | 吨 | 1668.7 | -31.2 | -1.8,confirmed,observed,10-day
2024-12-10,2024-12-14,nbs_10day,nbs,1,feed.coke,quasi-grade-1 metallurgical,China,1654.4,CNY,t,market,domestic,survey,https://www.stats.gov.cn/sj/zxfb/202412/t20241213_1957747.html,1.0,焦炭（准一级冶金焦） | 吨 | 1654.4 | -14.3 | -0.9,confirmed,observed,10-day
2024-12-20,2024-12-24,nbs_10day,nbs,1,feed.coke,quasi-grade-1 metallurgical,China,1618.7,CNY,t,market,domestic,survey,https://www.stats.gov.cn/sj/zxfb/202412/t20241223_1957829.html,1.0,焦炭（准一级冶金焦） | 吨 | 1618.7 | -35.7 | -2.2,confirmed,observed,10-day
2024-12-31,2025-01-04,nbs_10day,nbs,1,feed.coke,quasi-grade-1 metallurgical,China,1602.0,CNY,t,market,domestic,survey,https://www.stats.gov.cn/sj/zxfb/202501/t20250103_1958140.html,1.0,焦炭（准一级冶金焦） | 吨 | 1602.0 | -16.7 | -1.0,confirmed,observed,10-day
2025-01-10,2025-01-14,nbs_10day,nbs,1,feed.coke,quasi-grade-1 metallurgical,China,1552.0,CNY,t,market,domestic,survey,https://www.stats.gov.cn/sj/zxfb/202501/t20250114_1958197.html,1.0,焦炭（准一级冶金焦） | 吨 | 1552.0 | -50.0 | -3.1,confirmed,observed,10-day
2025-01-20,2025-01-24,nbs_10day,nbs,1,feed.coke,quasi-grade-1 metallurgical,China,1510.3,CNY,t,market,domestic,survey,https://www.stats.gov.cn/sj/zxfb/202501/t20250123_1958423.html,1.0,焦炭（准一级冶金焦） | 吨 | 1510.3 | -41.7 | -2.7,confirmed,observed,10-day
2025-02-10,2025-02-14,nbs_10day,nbs,1,feed.coke,quasi-grade-1 metallurgical,China,1458.7,CNY,t,market,domestic,survey,https://www.stats.gov.cn/sj/zxfb/202502/t20250214_1958707.html,1.0,焦炭（准一级冶金焦） | 吨 | 1458.7 | -10.0 | -0.7,confirmed,observed,10-day
2025-02-20,2025-02-24,nbs_10day,nbs,1,feed.coke,quasi-grade-1 metallurgical,China,1404.4,CNY,t,market,domestic,survey,https://www.stats.gov.cn/sj/zxfb/202502/t20250224_1958785.html,1.0,焦炭（准一级冶金焦） | 吨 | 1404.4 | -54.3 | -3.7,confirmed,observed,10-day
2025-02-28,2025-03-04,nbs_10day,nbs,1,feed.coke,quasi-grade-1 metallurgical,China,1338.7,CNY,t,market,domestic,survey,https://www.stats.gov.cn/sj/zxfb/202503/t20250304_1958845.html,1.0,焦炭（准一级冶金焦） | 吨 | 1338.7 | -65.7 | -4.7,confirmed,observed,10-day
2025-03-10,2025-03-14,nbs_10day,nbs,1,feed.coke,quasi-grade-1 metallurgical,China,1318.7,CNY,t,market,domestic,survey,https://www.stats.gov.cn/sj/zxfb/202503/t20250313_1958957.html,1.0,焦炭（准一级冶金焦） | 吨 | 1318.7 | -20.0 | -1.5,confirmed,observed,10-day
2025-03-20,2025-03-24,nbs_10day,nbs,1,feed.coke,quasi-grade-1 metallurgical,China,1287.4,CNY,t,market,domestic,survey,https://www.stats.gov.cn/sj/zxfb/202503/t20250324_1959119.html,1.0,焦炭（准一级冶金焦） | 吨 | 1287.4 | -31.3 | -2.4,confirmed,observed,10-day
2025-03-31,2025-04-04,nbs_10day,nbs,1,feed.coke,quasi-grade-1 metallurgical,China,1268.7,CNY,t,market,domestic,survey,https://www.stats.gov.cn/sj/zxfb/202504/t20250402_1959191.html,1.0,焦炭（准一级冶金焦） | 吨 | 1268.7 | -18.7 | -1.5,confirmed,observed,10-day
2025-04-10,2025-04-14,nbs_10day,nbs,1,feed.coke,quasi-grade-1 metallurgical,China,1268.7,CNY,t,market,domestic,survey,https://www.stats.gov.cn/sj/zxfb/202504/t20250414_1959288.html,1.0,焦炭（准一级冶金焦） | 吨 | 1268.7 | 0.0 | 0.0,confirmed,observed,10-day
2025-04-20,2025-04-24,nbs_10day,nbs,1,feed.coke,quasi-grade-1 metallurgical,China,1300.5,CNY,t,market,domestic,survey,https://www.stats.gov.cn/sj/zxfb/202504/t20250423_1959399.html,1.0,焦炭（准一级冶金焦） | 吨 | 1300.5 | 31.8 | 2.5,confirmed,observed,10-day
2025-04-30,2025-05-07,nbs_10day,nbs,1,feed.coke,quasi-grade-1 metallurgical,China,1316.4,CNY,t,market,domestic,survey,https://www.stats.gov.cn/sj/zxfb/202505/t20250506_1959568.html,1.0,焦炭（准一级冶金焦） | 吨 | 1316.4 | 15.9 | 1.2,confirmed,observed,10-day
2025-05-10,2025-05-14,nbs_10day,nbs,1,feed.coke,quasi-grade-1 metallurgical,China,1316.4,CNY,t,market,domestic,survey,https://www.stats.gov.cn/sj/zxfb/202505/t20250514_1959792.html,1.0,焦炭（准一级冶金焦） | 吨 | 1316.4 | 0.0 | 0.0,confirmed,observed,10-day
2025-05-20,2025-05-24,nbs_10day,nbs,1,feed.coke,quasi-grade-1 metallurgical,China,1295.0,CNY,t,market,domestic,survey,https://www.stats.gov.cn/sj/zxfb/202505/t20250523_1959935.html,1.0,焦炭（准一级冶金焦） | 吨 | 1295.0 | -21.4 | -1.6,confirmed,observed,10-day
2025-05-31,2025-06-04,nbs_10day,nbs,1,feed.coke,quasi-grade-1 metallurgical,China,1252.1,CNY,t,market,domestic,survey,https://www.stats.gov.cn/sj/zxfb/202506/t20250603_1959991.html,1.0,焦炭（准一级冶金焦） | 吨 | 1252.1 | -42.9 | -3.3,confirmed,observed,10-day
2025-06-10,2025-06-14,nbs_10day,nbs,1,feed.coke,quasi-grade-1 metallurgical,China,1181.4,CNY,t,market,domestic,survey,https://www.stats.gov.cn/sj/zxfb/202506/t20250613_1960154.html,1.0,焦炭（准一级冶金焦） | 吨 | 1181.4 | -70.7 | -5.6,confirmed,observed,10-day
2025-06-20,2025-06-24,nbs_10day,nbs,1,feed.coke,quasi-grade-1 metallurgical,China,1146.4,CNY,t,market,domestic,survey,https://www.stats.gov.cn/sj/zxfb/202506/t20250623_1960227.html,1.0,焦炭（准一级冶金焦） | 吨 | 1146.4 | -35.0 | -3.0,confirmed,observed,10-day
2025-06-30,2025-07-04,nbs_10day,nbs,1,feed.coke,quasi-grade-1 metallurgical,China,1096.4,CNY,t,market,domestic,survey,https://www.stats.gov.cn/sj/zxfb/202507/t20250703_1960315.html,1.0,焦炭（准一级冶金焦） | 吨 | 1096.4 | -50.0 | -4.4,confirmed,observed,10-day
2025-07-10,2025-07-14,nbs_10day,nbs,1,feed.coke,quasi-grade-1 metallurgical,China,1096.4,CNY,t,market,domestic,survey,https://www.stats.gov.cn/sj/zxfb/202507/t20250714_1960397.html,1.0,焦炭（准一级冶金焦） | 吨 | 1096.4 | 0.0 | 0.0,confirmed,observed,10-day
2025-07-20,2025-07-24,nbs_10day,nbs,1,feed.coke,quasi-grade-1 metallurgical,China,1113.1,CNY,t,market,domestic,survey,https://www.stats.gov.cn/sj/zxfb/202507/t20250723_1960477.html,1.0,焦炭（准一级冶金焦） | 吨 | 1113.1 | 16.7 | 1.5,confirmed,observed,10-day
2025-07-31,2025-08-04,nbs_10day,nbs,1,feed.coke,quasi-grade-1 metallurgical,China,1221.4,CNY,t,market,domestic,survey,https://www.stats.gov.cn/sj/zxfb/202508/t20250801_1960583.html,1.0,焦炭（准一级冶金焦） | 吨 | 1221.4 | 108.3 | 9.7,confirmed,observed,10-day
2025-08-10,2025-08-14,nbs_10day,nbs,1,feed.coke,quasi-grade-1 metallurgical,China,1338.1,CNY,t,market,domestic,survey,https://www.stats.gov.cn/sj/zxfb/202508/t20250813_1960659.html,1.0,焦炭（准一级冶金焦） | 吨 | 1338.1 | 116.7 | 9.6,confirmed,observed,10-day
2025-08-20,2025-08-24,nbs_10day,nbs,1,feed.coke,quasi-grade-1 metallurgical,China,1377.7,CNY,t,market,domestic,survey,https://www.stats.gov.cn/sj/zxfb/202508/t20250822_1960866.html,1.0,焦炭（准一级冶金焦） | 吨 | 1377.7 | 39.6 | 3.0,confirmed,observed,10-day
2025-08-31,2025-09-04,nbs_10day,nbs,1,feed.coke,quasi-grade-1 metallurgical,China,1439.3,CNY,t,market,domestic,survey,https://www.stats.gov.cn/sj/zxfb/202509/t20250903_1961000.html,1.0,焦炭（准一级冶金焦） | 吨 | 1439.3 | 61.6 | 4.5,confirmed,observed,10-day
2025-09-10,2025-09-14,nbs_10day,nbs,1,feed.coke,quasi-grade-1 metallurgical,China,1427.7,CNY,t,market,domestic,survey,https://www.stats.gov.cn/sj/zxfb/202509/t20250912_1961169.html,1.0,焦炭（准一级冶金焦） | 吨 | 1427.7 | -11.6 | -0.8,confirmed,observed,10-day
2025-09-20,2025-09-24,nbs_10day,nbs,1,feed.coke,quasi-grade-1 metallurgical,China,1360.7,CNY,t,market,domestic,survey,https://www.stats.gov.cn/sj/zxfb/202509/t20250923_1961330.html,1.0,焦炭（准一级冶金焦） | 吨 | 1360.7 | -67.0 | -4.7,confirmed,observed,10-day
2025-09-30,2025-10-10,nbs_10day,nbs,1,feed.coke,quasi-grade-1 metallurgical,China,1346.4,CNY,t,market,domestic,survey,https://www.stats.gov.cn/sj/zxfb/202510/t20251009_1961456.html,1.0,焦炭（准一级冶金焦） | 吨 | 1346.4 | -14.3 | -1.1,confirmed,observed,10-day
2025-10-20,2025-10-24,nbs_10day,nbs,1,feed.coke,quasi-grade-1 metallurgical,China,1396.4,CNY,t,market,domestic,survey,https://www.stats.gov.cn/sj/zxfb/202510/t20251023_1961676.html,1.0,焦炭（准一级冶金焦） | 吨 | 1396.4 | 50.0 | 3.7,confirmed,observed,10-day
2025-10-31,2025-11-04,nbs_10day,nbs,1,feed.coke,quasi-grade-1 metallurgical,China,1421.4,CNY,t,market,domestic,survey,https://www.stats.gov.cn/sj/zxfb/202511/t20251103_1961784.html,1.0,焦炭（准一级冶金焦） | 吨 | 1421.4 | 25.0 | 1.8,confirmed,observed,10-day
2025-11-10,2025-11-14,nbs_10day,nbs,1,feed.coke,quasi-grade-1 metallurgical,China,1479.7,CNY,t,market,domestic,survey,https://www.stats.gov.cn/sj/zxfb/202511/t20251113_1961845.html,1.0,焦炭（准一级冶金焦） | 吨 | 1479.7 | 58.3 | 4.1,confirmed,observed,10-day
2025-11-20,2025-11-24,nbs_10day,nbs,1,feed.coke,quasi-grade-1 metallurgical,China,1521.4,CNY,t,market,domestic,survey,https://www.stats.gov.cn/sj/zxfb/202511/t20251124_1961911.html,1.0,焦炭（准一级冶金焦） | 吨 | 1521.4 | 41.7 | 2.8,confirmed,observed,10-day
2025-11-30,2025-12-04,nbs_10day,nbs,1,feed.coke,quasi-grade-1 metallurgical,China,1546.4,CNY,t,market,domestic,survey,https://www.stats.gov.cn/sj/zxfb/202512/t20251203_1961979.html,1.0,焦炭（准一级冶金焦） | 吨 | 1546.4 | 25.0 | 1.6,confirmed,observed,10-day
2025-12-10,2025-12-14,nbs_10day,nbs,1,feed.coke,quasi-grade-1 metallurgical,China,1496.4,CNY,t,market,domestic,survey,https://www.stats.gov.cn/sj/zxfb/202512/t20251212_1962058.html,1.0,焦炭（准一级冶金焦） | 吨 | 1496.4 | -50.0 | -3.2,confirmed,observed,10-day
2025-12-20,2025-12-24,nbs_10day,nbs,1,feed.coke,quasi-grade-1 metallurgical,China,1454.7,CNY,t,market,domestic,survey,https://www.stats.gov.cn/sj/zxfb/202512/t20251223_1962128.html,1.0,焦炭（准一级冶金焦） | 吨 | 1454.7 | -41.7 | -2.8,confirmed,observed,10-day
2025-12-31,2026-01-04,nbs_10day,nbs,1,feed.coke,quasi-grade-1 metallurgical,China,1396.4,CNY,t,market,domestic,survey,https://www.stats.gov.cn/sj/zxfb/202601/t20260104_1962240.html,1.0,焦炭（准一级冶金焦） | 吨 | 1396.4 | -58.3 | -4.0,confirmed,observed,10-day
2026-01-10,2026-01-14,nbs_10day,nbs,1,feed.coke,quasi-grade-1 metallurgical,China,1346.4,CNY,t,market,domestic,survey,https://www.stats.gov.cn/sj/zxfb/202601/t20260113_1962302.html,1.0,焦炭（准一级冶金焦） | 吨 | 1346.4 | -50.0 | -3.6,confirmed,observed,10-day
2026-01-20,2026-01-24,nbs_10day,nbs,1,feed.coke,quasi-grade-1 metallurgical,China,1346.4,CNY,t,market,domestic,survey,https://www.stats.gov.cn/sj/zxfb/202601/t20260123_1962369.html,1.0,焦炭（准一级冶金焦） | 吨 | 1346.4 | 0.0 | 0.0,confirmed,observed,10-day
2026-01-31,2026-02-04,nbs_10day,nbs,1,feed.coke,quasi-grade-1 metallurgical,China,1346.4,CNY,t,market,domestic,survey,https://www.stats.gov.cn/sj/zxfb/202602/t20260204_1962539.html,1.0,焦炭（准一级冶金焦） | 吨 | 1346.4 | 0.0 | 0.0,confirmed,observed,10-day
2026-02-10,2026-02-14,nbs_10day,nbs,1,feed.coke,quasi-grade-1 metallurgical,China,1396.4,CNY,t,market,domestic,survey,https://www.stats.gov.cn/sj/zxfb/202602/t20260213_1962621.html,1.0,焦炭（准一级冶金焦） | 吨 | 1396.4 | 50.0 | 3.7,confirmed,observed,10-day
2026-02-28,2026-03-04,nbs_10day,nbs,1,feed.coke,quasi-grade-1 metallurgical,China,1396.4,CNY,t,market,domestic,survey,https://www.stats.gov.cn/sj/zxfb/202603/t20260303_1962691.html,1.0,焦炭（准一级冶金焦） | 吨 | 1396.4 | 0.0 | 0.0,confirmed,observed,10-day
2026-03-10,2026-03-14,nbs_10day,nbs,1,feed.coke,quasi-grade-1 metallurgical,China,1375.0,CNY,t,market,domestic,survey,https://www.stats.gov.cn/sj/zxfb/202603/t20260312_1962756.html,1.0,焦炭（准一级冶金焦） | 吨 | 1375.0 | -21.4 | -1.5,confirmed,observed,10-day
2026-03-20,2026-03-24,nbs_10day,nbs,1,feed.coke,quasi-grade-1 metallurgical,China,1346.4,CNY,t,market,domestic,survey,https://www.stats.gov.cn/sj/zxfb/202603/t20260323_1962824.html,1.0,焦炭（准一级冶金焦） | 吨 | 1346.4 | -28.6 | -2.1,confirmed,observed,10-day
2026-03-31,2026-04-04,nbs_10day,nbs,1,feed.coke,quasi-grade-1 metallurgical,China,1346.4,CNY,t,market,domestic,survey,https://www.stats.gov.cn/sj/zxfb/202604/t20260403_1962983.html,1.0,焦炭（准一级冶金焦） | 吨 | 1346.4 | 0.0 | 0.0,confirmed,observed,10-day
2026-04-10,2026-04-14,nbs_10day,nbs,1,feed.coke,quasi-grade-1 metallurgical,China,1396.4,CNY,t,market,domestic,survey,https://www.stats.gov.cn/sj/zxfb/202604/t20260413_1963295.html,1.0,焦炭（准一级冶金焦） | 吨 | 1396.4 | 50.0 | 3.7,confirmed,observed,10-day
2026-04-20,2026-04-24,nbs_10day,nbs,1,feed.coke,quasi-grade-1 metallurgical,China,1404.7,CNY,t,market,domestic,survey,https://www.stats.gov.cn/sj/zxfb/202604/t20260424_1963388.html,1.0,焦炭（准一级冶金焦） | 吨 | 1404.7 | 8.3 | 0.6,confirmed,observed,10-day
2026-04-30,2026-05-07,nbs_10day,nbs,1,feed.coke,quasi-grade-1 metallurgical,China,1446.4,CNY,t,market,domestic,survey,https://www.stats.gov.cn/sj/zxfb/202605/t20260506_1963594.html,1.0,焦炭（准一级冶金焦） | 吨 | 1446.4 | 41.7 | 3.0,confirmed,observed,10-day
2026-05-10,2026-05-14,nbs_10day,nbs,1,feed.coke,quasi-grade-1 metallurgical,China,1446.4,CNY,t,market,domestic,survey,https://www.stats.gov.cn/sj/zxfb/202605/t20260514_1963691.html,1.0,焦炭（准一级冶金焦） | 吨 | 1446.4 | 0.0 | 0.0,confirmed,observed,10-day
2026-05-20,2026-05-24,nbs_10day,nbs,1,feed.coke,quasi-grade-1 metallurgical,China,1496.4,CNY,t,market,domestic,survey,https://www.stats.gov.cn/sj/zxfb/202605/t20260522_1963786.html,1.0,焦炭（准一级冶金焦） | 吨 | 1496.4 | 50.0 | 3.5,confirmed,observed,10-day
2026-05-31,2026-06-04,nbs_10day,nbs,1,feed.coke,quasi-grade-1 metallurgical,China,1525.0,CNY,t,market,domestic,survey,https://www.stats.gov.cn/sj/zxfb/202606/t20260603_1963874.html,1.0,焦炭（准一级冶金焦） | 吨 | 1525.0 | 28.6 | 1.9,confirmed,observed,10-day
2026-06-10,2026-06-14,nbs_10day,nbs,1,feed.coke,quasi-grade-1 metallurgical,China,1590.2,CNY,t,market,domestic,survey,https://www.stats.gov.cn/sj/zxfb/202606/t20260612_1963938.html,1.0,焦炭（准一级冶金焦） | 吨 | 1590.2 | 65.2 | 4.3,confirmed,observed,10-day
2026-06-20,2026-06-24,nbs_10day,nbs,1,feed.coke,quasi-grade-1 metallurgical,China,1679.7,CNY,t,market,domestic,survey,https://www.stats.gov.cn/sj/zxfb/202606/t20260623_1963989.html,1.0,焦炭（准一级冶金焦） | 吨 | 1679.7 | 89.5 | 5.6,confirmed,observed,10-day
2026-06-30,2026-07-04,nbs_10day,nbs,1,feed.coke,quasi-grade-1 metallurgical,China,1746.4,CNY,t,market,domestic,survey,https://www.stats.gov.cn/sj/zxfb/202607/t20260703_1964057.html,1.0,焦炭（准一级冶金焦） | 吨 | 1746.4 | 66.7 | 4.0,confirmed,observed,10-day
2026-07-10,2026-07-14,nbs_10day,nbs,1,feed.coke,quasi-grade-1 metallurgical,China,1796.4,CNY,t,market,domestic,survey,https://www.stats.gov.cn/sj/zxfb/202607/t20260713_1964100.html,1.0,焦炭（准一级冶金焦） | 吨 | 1796.4 | 50.0 | 2.9,confirmed,observed,10-day
2026-07-20,2026-07-24,nbs_10day,nbs,1,feed.coke,quasi-grade-1 metallurgical,China,1796.4,CNY,t,market,domestic,survey,https://www.stats.gov.cn/sj/zxfb/202607/t20260723_1964185.html,1.0,焦炭（准一级冶金焦） | 吨 | 1796.4 | 0.0 | 0.0,confirmed,observed,10-day
2026-07-31,2026-08-04,nbs_10day,nbs,1,feed.coke,quasi-grade-1 metallurgical,China,1740.2,CNY,t,market,domestic,survey,https://www.stats.gov.cn/sj/zxfb/202608/t20260803_1964273.html,1.0,焦炭（准一级冶金焦） | 吨 | 1740.2 | -56.2 | -3.1,confirmed,observed,10-day
2026-08-10,2026-08-14,nbs_10day,nbs,1,feed.coke,quasi-grade-1 metallurgical,China,1679.7,CNY,t,market,domestic,survey,https://www.stats.gov.cn/sj/zxfb/202608/t20260813_1965025.html,1.0,焦炭（准一级冶金焦） | 吨 | 1679.7 | -60.5 | -3.5,confirmed,observed,10-day
2026-08-20,2026-08-24,nbs_10day,nbs,1,feed.coke,quasi-grade-1 metallurgical,China,1646.4,CNY,t,market,domestic,survey,https://www.stats.gov.cn/sj/zxfb/202608/t20260821_1965093.html,1.0,焦炭（准一级冶金焦） | 吨 | 1646.4 | -33.3 | -2.0,confirmed,observed,10-day
2026-08-31,2026-09-04,nbs_10day,nbs,1,feed.coke,quasi-grade-1 metallurgical,China,1760.7,CNY,t,market,domestic,survey,https://www.stats.gov.cn/sj/zxfb/202609/t20260903_1965182.html,1.0,焦炭（准一级冶金焦） | 吨 | 1760.7 | 114.3 | 6.9,confirmed,observed,10-day
2026-09-10,2026-09-14,nbs_10day,nbs,1,feed.coke,quasi-grade-1 metallurgical,China,1983.9,CNY,t,market,domestic,survey,https://www.stats.gov.cn/sj/zxfb/202609/t20260914_1965293.html,1.0,焦炭（准一级冶金焦） | 吨 | 1983.9 | 223.2 | 12.7,confirmed,observed,10-day
2026-09-20,2026-09-24,nbs_10day,nbs,1,feed.coke,quasi-grade-1 metallurgical,China,2096.4,CNY,t,market,domestic,survey,https://www.stats.gov.cn/sj/zxfb/202609/t20260923_1965403.html,1.0,焦炭（准一级冶金焦） | 吨 | 2096.4 | 112.5 | 5.7,confirmed,observed,10-day
2026-09-30,2026-10-09,nbs_10day,nbs,1,feed.coke,quasi-grade-1 metallurgical,China,2096.4,CNY,t,market,domestic,survey,https://www.stats.gov.cn/sj/zxfb/202610/t20261008_1965465.html,1.0,焦炭（准一级冶金焦） | 吨 | 2096.4 | 0.0 | 0.0,confirmed,observed,10-day
2023-09-10,2023-09-14,nbs_10day,nbs,1,feed.sulfuric_acid,98%,China,306.7,CNY,t,market,domestic,survey,https://www.stats.gov.cn/sj/zxfb/202309/t20230914_1942800.html,1.0,硫酸（98%） | 吨 | 306.7 | 51.6 | 20.2,confirmed,observed,10-day
2023-09-20,2023-09-24,nbs_10day,nbs,1,feed.sulfuric_acid,98%,China,325.6,CNY,t,market,domestic,survey,https://www.stats.gov.cn/sj/zxfb/202309/t20230922_1943130.html,1.0,硫酸（98%） | 吨 | 325.6 | 18.9 | 6.2,confirmed,observed,10-day
2023-09-30,2023-10-08,nbs_10day,nbs,1,feed.sulfuric_acid,98%,China,332.1,CNY,t,market,domestic,survey,https://www.stats.gov.cn/sj/zxfb/202310/t20231008_1943363.html,1.0,硫酸（98%） | 吨 | 332.1 | 6.5 | 2.0,confirmed,observed,10-day
2023-10-10,2023-10-14,nbs_10day,nbs,1,feed.sulfuric_acid,98%,China,314.4,CNY,t,market,domestic,survey,https://www.stats.gov.cn/sj/zxfb/202310/t20231013_1943576.html,1.0,硫酸（98%） | 吨 | 314.4 | -17.7 | -5.3,confirmed,observed,10-day
2023-10-20,2023-10-24,nbs_10day,nbs,1,feed.sulfuric_acid,98%,China,299.5,CNY,t,market,domestic,survey,https://www.stats.gov.cn/sj/zxfb/202310/t20231024_1943867.html,1.0,硫酸（98%） | 吨 | 299.5 | -14.9 | -4.7,confirmed,observed,10-day
2023-10-31,2023-11-04,nbs_10day,nbs,1,feed.sulfuric_acid,98%,China,281.5,CNY,t,market,domestic,survey,https://www.stats.gov.cn/sj/zxfb/202311/t20231103_1944116.html,1.0,硫酸（98%） | 吨 | 281.5 | -18.0 | -6.0,confirmed,observed,10-day
2023-11-10,2023-11-14,nbs_10day,nbs,1,feed.sulfuric_acid,98%,China,279.4,CNY,t,market,domestic,survey,https://www.stats.gov.cn/sj/zxfb/202311/t20231113_1944471.html,1.0,硫酸（98%） | 吨 | 279.4 | -2.1 | -0.7,confirmed,observed,10-day
2023-11-20,2023-11-24,nbs_10day,nbs,1,feed.sulfuric_acid,98%,China,279.0,CNY,t,market,domestic,survey,https://www.stats.gov.cn/sj/zxfb/202311/t20231124_1944859.html,1.0,硫酸（98%） | 吨 | 279.0 | -0.4 | -0.1,confirmed,observed,10-day
2023-11-30,2023-12-04,nbs_10day,nbs,1,feed.sulfuric_acid,98%,China,281.1,CNY,t,market,domestic,survey,https://www.stats.gov.cn/sj/zxfb/202312/t20231204_1945127.html,1.0,硫酸（98%） | 吨 | 281.1 | 2.1 | 0.8,confirmed,observed,10-day
2023-12-10,2023-12-14,nbs_10day,nbs,1,feed.sulfuric_acid,98%,China,284.8,CNY,t,market,domestic,survey,https://www.stats.gov.cn/sj/zxfb/202312/t20231213_1945508.html,1.0,硫酸（98%） | 吨 | 284.8 | 3.7 | 1.3,confirmed,observed,10-day
2023-12-20,2023-12-24,nbs_10day,nbs,1,feed.sulfuric_acid,98%,China,285.4,CNY,t,market,domestic,survey,https://www.stats.gov.cn/sj/zxfb/202312/t20231222_1945723.html,1.0,硫酸（98%） | 吨 | 285.4 | 0.6 | 0.2,confirmed,observed,10-day
2023-12-31,2024-01-04,nbs_10day,nbs,1,feed.sulfuric_acid,98%,China,281.7,CNY,t,market,domestic,survey,https://www.stats.gov.cn/sj/zxfb/202401/t20240104_1946219.html,1.0,硫酸（98%） | 吨 | 281.7 | -3.7 | -1.3,confirmed,observed,10-day
2024-01-10,2024-01-14,nbs_10day,nbs,1,feed.sulfuric_acid,98%,China,256.7,CNY,t,market,domestic,survey,https://www.stats.gov.cn/sj/zxfb/202401/t20240113_1946522.html,1.0,硫酸（98%） | 吨 | 256.7 | -25.0 | -8.9,confirmed,observed,10-day
2024-01-20,2024-01-24,nbs_10day,nbs,1,feed.sulfuric_acid,98%,China,235.2,CNY,t,market,domestic,survey,https://www.stats.gov.cn/sj/zxfb/202401/t20240123_1946828.html,1.0,硫酸（98%） | 吨 | 235.2 | -21.5 | -8.4,confirmed,observed,10-day
2024-01-31,2024-02-04,nbs_10day,nbs,1,feed.sulfuric_acid,98%,China,228.5,CNY,t,market,domestic,survey,https://www.stats.gov.cn/sj/zxfb/202402/t20240202_1947216.html,1.0,硫酸（98%） | 吨 | 228.5 | -6.7 | -2.8,confirmed,observed,10-day
2024-02-10,2024-02-14,nbs_10day,nbs,1,feed.sulfuric_acid,98%,China,219.8,CNY,t,market,domestic,survey,https://www.stats.gov.cn/sj/zxfb/202402/t20240207_1947532.html,1.0,硫酸（98%） | 吨 | 219.8 | -8.7 | -3.8,confirmed,observed,10-day
2024-02-29,2024-03-04,nbs_10day,nbs,1,feed.sulfuric_acid,98%,China,245.1,CNY,t,market,domestic,survey,https://www.stats.gov.cn/sj/zxfb/202403/t20240321_1948076.html,1.0,硫酸（98%） | 吨 | 245.1 | 17.3 | 7.6,confirmed,observed,10-day
2024-03-10,2024-03-14,nbs_10day,nbs,1,feed.sulfuric_acid,98%,China,286.5,CNY,t,market,domestic,survey,https://www.stats.gov.cn/sj/zxfb/202403/t20240321_1948097.html,1.0,硫酸（98%） | 吨 | 286.5 | 41.4 | 16.9,confirmed,observed,10-day
2024-03-20,2024-03-24,nbs_10day,nbs,1,feed.sulfuric_acid,98%,China,315.7,CNY,t,market,domestic,survey,https://www.stats.gov.cn/sj/zxfb/202403/t20240325_1948145.html,1.0,硫酸（98%） | 吨 | 315.7 | 29.2 | 10.2,confirmed,observed,10-day
2024-03-31,2024-04-04,nbs_10day,nbs,1,feed.sulfuric_acid,98%,China,352.1,CNY,t,market,domestic,survey,https://www.stats.gov.cn/sj/zxfb/202404/t20240403_1948249.html,1.0,硫酸（98%） | 吨 | 352.1 | 36.4 | 11.5,confirmed,observed,10-day
2024-04-10,2024-04-14,nbs_10day,nbs,1,feed.sulfuric_acid,98%,China,367.1,CNY,t,market,domestic,survey,https://www.stats.gov.cn/sj/zxfb/202404/t20240412_1948512.html,1.0,硫酸（98%） | 吨 | 367.1 | 15.0 | 4.3,confirmed,observed,10-day
2024-04-20,2024-04-24,nbs_10day,nbs,1,feed.sulfuric_acid,98%,China,364.9,CNY,t,market,domestic,survey,https://www.stats.gov.cn/sj/zxfb/202404/t20240423_1948647.html,1.0,硫酸（98%） | 吨 | 364.9 | -2.2 | -0.6,confirmed,observed,10-day
2024-04-30,2024-05-07,nbs_10day,nbs,1,feed.sulfuric_acid,98%,China,356.7,CNY,t,market,domestic,survey,https://www.stats.gov.cn/sj/zxfb/202405/t20240506_1948962.html,1.0,硫酸（98%） | 吨 | 356.7 | -8.2 | -2.2,confirmed,observed,10-day
2024-05-10,2024-05-14,nbs_10day,nbs,1,feed.sulfuric_acid,98%,China,345.1,CNY,t,market,domestic,survey,https://www.stats.gov.cn/sj/zxfb/202405/t20240514_1950313.html,1.0,硫酸（98%） | 吨 | 345.1 | -11.6 | -3.3,confirmed,observed,10-day
2024-05-20,2024-05-24,nbs_10day,nbs,1,feed.sulfuric_acid,98%,China,342.1,CNY,t,market,domestic,survey,https://www.stats.gov.cn/sj/zxfb/202405/t20240524_1952672.html,1.0,硫酸（98%） | 吨 | 342.1 | -3.0 | -0.9,confirmed,observed,10-day
2024-05-31,2024-06-04,nbs_10day,nbs,1,feed.sulfuric_acid,98%,China,333.4,CNY,t,market,domestic,survey,https://www.stats.gov.cn/sj/zxfb/202406/t20240603_1954218.html,1.0,硫酸（98%） | 吨 | 333.4 | -8.7 | -2.5,confirmed,observed,10-day
2024-06-10,2024-06-14,nbs_10day,nbs,1,feed.sulfuric_acid,98%,China,330.6,CNY,t,market,domestic,survey,https://www.stats.gov.cn/sj/zxfb/202406/t20240613_1954619.html,1.0,硫酸（98%） | 吨 | 330.6 | -2.8 | -0.8,confirmed,observed,10-day
2024-06-20,2024-06-24,nbs_10day,nbs,1,feed.sulfuric_acid,98%,China,342.4,CNY,t,market,domestic,survey,https://www.stats.gov.cn/sj/zxfb/202406/t20240624_1955140.html,1.0,硫酸（98%） | 吨 | 342.4 | 11.8 | 3.6,confirmed,observed,10-day
2024-06-30,2024-07-04,nbs_10day,nbs,1,feed.sulfuric_acid,98%,China,357.6,CNY,t,market,domestic,survey,https://www.stats.gov.cn/sj/zxfb/202407/t20240703_1955359.html,1.0,硫酸（98%） | 吨 | 357.6 | 15.2 | 4.4,confirmed,observed,10-day
2024-07-10,2024-07-14,nbs_10day,nbs,1,feed.sulfuric_acid,98%,China,385.6,CNY,t,market,domestic,survey,https://www.stats.gov.cn/sj/zxfb/202407/t20240712_1955583.html,1.0,硫酸（98%） | 吨 | 385.6 | 28.0 | 7.8,confirmed,observed,10-day
2024-07-20,2024-07-24,nbs_10day,nbs,1,feed.sulfuric_acid,98%,China,414.0,CNY,t,market,domestic,survey,https://www.stats.gov.cn/sj/zxfb/202407/t20240723_1955829.html,1.0,硫酸（98%） | 吨 | 414.0 | 28.4 | 7.4,confirmed,observed,10-day
2024-07-31,2024-08-04,nbs_10day,nbs,1,feed.sulfuric_acid,98%,China,447.0,CNY,t,market,domestic,survey,https://www.stats.gov.cn/sj/zxfb/202408/t20240802_1955927.html,1.0,硫酸（98%） | 吨 | 447.0 | 33.0 | 8.0,confirmed,observed,10-day
2024-08-10,2024-08-14,nbs_10day,nbs,1,feed.sulfuric_acid,98%,China,480.6,CNY,t,market,domestic,survey,https://www.stats.gov.cn/sj/zxfb/202408/t20240813_1955970.html,1.0,硫酸（98%） | 吨 | 480.6 | 33.6 | 7.5,confirmed,observed,10-day
2024-08-20,2024-08-24,nbs_10day,nbs,1,feed.sulfuric_acid,98%,China,481.8,CNY,t,market,domestic,survey,https://www.stats.gov.cn/sj/zxfb/202408/t20240823_1956084.html,1.0,硫酸（98%） | 吨 | 481.8 | 1.2 | 0.2,confirmed,observed,10-day
2024-08-31,2024-09-04,nbs_10day,nbs,1,feed.sulfuric_acid,98%,China,478.2,CNY,t,market,domestic,survey,https://www.stats.gov.cn/sj/zxfb/202409/t20240903_1956185.html,1.0,硫酸（98%） | 吨 | 478.2 | -3.6 | -0.7,confirmed,observed,10-day
2024-09-10,2024-09-14,nbs_10day,nbs,1,feed.sulfuric_acid,98%,China,452.0,CNY,t,market,domestic,survey,https://www.stats.gov.cn/sj/zxfb/202409/t20240913_1956443.html,1.0,硫酸（98%） | 吨 | 452.0 | -26.2 | -5.5,confirmed,observed,10-day
2024-09-20,2024-09-24,nbs_10day,nbs,1,feed.sulfuric_acid,98%,China,432.1,CNY,t,market,domestic,survey,https://www.stats.gov.cn/sj/zxfb/202409/t20240923_1956638.html,1.0,硫酸（98%） | 吨 | 432.1 | -19.9 | -4.4,confirmed,observed,10-day
2024-09-30,2024-10-09,nbs_10day,nbs,1,feed.sulfuric_acid,98%,China,418.0,CNY,t,market,domestic,survey,https://www.stats.gov.cn/sj/zxfb/202410/t20241008_1956826.html,1.0,硫酸（98%） | 吨 | 418.0 | -14.1 | -3.3,confirmed,observed,10-day
2024-10-10,2024-10-14,nbs_10day,nbs,1,feed.sulfuric_acid,98%,China,413.8,CNY,t,market,domestic,survey,https://www.stats.gov.cn/sj/zxfb/202410/t20241013_1956900.html,1.0,硫酸（98%） | 吨 | 413.8 | -4.2 | -1.0,confirmed,observed,10-day
2024-10-20,2024-10-24,nbs_10day,nbs,1,feed.sulfuric_acid,98%,China,417.6,CNY,t,market,domestic,survey,https://www.stats.gov.cn/sj/zxfb/202410/t20241023_1957115.html,1.0,硫酸（98%） | 吨 | 417.6 | 3.8 | 0.9,confirmed,observed,10-day
2024-10-31,2024-11-04,nbs_10day,nbs,1,feed.sulfuric_acid,98%,China,420.7,CNY,t,market,domestic,survey,https://www.stats.gov.cn/sj/zxfb/202411/t20241101_1957234.html,1.0,硫酸（98%） | 吨 | 420.7 | 3.1 | 0.7,confirmed,observed,10-day
2024-11-10,2024-11-14,nbs_10day,nbs,1,feed.sulfuric_acid,98%,China,427.2,CNY,t,market,domestic,survey,https://www.stats.gov.cn/sj/zxfb/202411/t20241112_1957382.html,1.0,硫酸（98%） | 吨 | 427.2 | 6.5 | 1.5,confirmed,observed,10-day
2024-11-20,2024-11-24,nbs_10day,nbs,1,feed.sulfuric_acid,98%,China,436.6,CNY,t,market,domestic,survey,https://www.stats.gov.cn/sj/zxfb/202411/t20241122_1957564.html,1.0,硫酸（98%） | 吨 | 436.6 | 9.4 | 2.2,confirmed,observed,10-day
2024-11-30,2024-12-04,nbs_10day,nbs,1,feed.sulfuric_acid,98%,China,443.7,CNY,t,market,domestic,survey,https://www.stats.gov.cn/sj/zxfb/202412/t20241203_1957630.html,1.0,硫酸（98%） | 吨 | 443.7 | 7.1 | 1.6,confirmed,observed,10-day
2024-12-10,2024-12-14,nbs_10day,nbs,1,feed.sulfuric_acid,98%,China,453.7,CNY,t,market,domestic,survey,https://www.stats.gov.cn/sj/zxfb/202412/t20241213_1957747.html,1.0,硫酸（98%） | 吨 | 453.7 | 10.0 | 2.3,confirmed,observed,10-day
2024-12-20,2024-12-24,nbs_10day,nbs,1,feed.sulfuric_acid,98%,China,464.8,CNY,t,market,domestic,survey,https://www.stats.gov.cn/sj/zxfb/202412/t20241223_1957829.html,1.0,硫酸（98%） | 吨 | 464.8 | 11.1 | 2.4,confirmed,observed,10-day
2024-12-31,2025-01-04,nbs_10day,nbs,1,feed.sulfuric_acid,98%,China,469.5,CNY,t,market,domestic,survey,https://www.stats.gov.cn/sj/zxfb/202501/t20250103_1958140.html,1.0,硫酸（98%） | 吨 | 469.5 | 4.7 | 1.0,confirmed,observed,10-day
2025-01-10,2025-01-14,nbs_10day,nbs,1,feed.sulfuric_acid,98%,China,463.7,CNY,t,market,domestic,survey,https://www.stats.gov.cn/sj/zxfb/202501/t20250114_1958197.html,1.0,硫酸（98%） | 吨 | 463.7 | -5.8 | -1.2,confirmed,observed,10-day
2025-01-20,2025-01-24,nbs_10day,nbs,1,feed.sulfuric_acid,98%,China,457.5,CNY,t,market,domestic,survey,https://www.stats.gov.cn/sj/zxfb/202501/t20250123_1958423.html,1.0,硫酸（98%） | 吨 | 457.5 | -6.2 | -1.3,confirmed,observed,10-day
2025-02-10,2025-02-14,nbs_10day,nbs,1,feed.sulfuric_acid,98%,China,442.7,CNY,t,market,domestic,survey,https://www.stats.gov.cn/sj/zxfb/202502/t20250214_1958707.html,1.0,硫酸（98%） | 吨 | 442.7 | -11.3 | -2.5,confirmed,observed,10-day
2025-02-20,2025-02-24,nbs_10day,nbs,1,feed.sulfuric_acid,98%,China,444.9,CNY,t,market,domestic,survey,https://www.stats.gov.cn/sj/zxfb/202502/t20250224_1958785.html,1.0,硫酸（98%） | 吨 | 444.9 | 2.2 | 0.5,confirmed,observed,10-day
2025-02-28,2025-03-04,nbs_10day,nbs,1,feed.sulfuric_acid,98%,China,487.1,CNY,t,market,domestic,survey,https://www.stats.gov.cn/sj/zxfb/202503/t20250304_1958845.html,1.0,硫酸（98%） | 吨 | 487.1 | 42.2 | 9.5,confirmed,observed,10-day
2025-03-10,2025-03-14,nbs_10day,nbs,1,feed.sulfuric_acid,98%,China,562.3,CNY,t,market,domestic,survey,https://www.stats.gov.cn/sj/zxfb/202503/t20250313_1958957.html,1.0,硫酸（98%） | 吨 | 562.3 | 75.2 | 15.4,confirmed,observed,10-day
2025-03-20,2025-03-24,nbs_10day,nbs,1,feed.sulfuric_acid,98%,China,644.3,CNY,t,market,domestic,survey,https://www.stats.gov.cn/sj/zxfb/202503/t20250324_1959119.html,1.0,硫酸（98%） | 吨 | 644.3 | 82.0 | 14.6,confirmed,observed,10-day
2025-03-31,2025-04-04,nbs_10day,nbs,1,feed.sulfuric_acid,98%,China,669.1,CNY,t,market,domestic,survey,https://www.stats.gov.cn/sj/zxfb/202504/t20250402_1959191.html,1.0,硫酸（98%） | 吨 | 669.1 | 24.8 | 3.8,confirmed,observed,10-day
2025-04-10,2025-04-14,nbs_10day,nbs,1,feed.sulfuric_acid,98%,China,689.3,CNY,t,market,domestic,survey,https://www.stats.gov.cn/sj/zxfb/202504/t20250414_1959288.html,1.0,硫酸（98%） | 吨 | 689.3 | 20.2 | 3.0,confirmed,observed,10-day
2025-04-20,2025-04-24,nbs_10day,nbs,1,feed.sulfuric_acid,98%,China,686.0,CNY,t,market,domestic,survey,https://www.stats.gov.cn/sj/zxfb/202504/t20250423_1959399.html,1.0,硫酸（98%） | 吨 | 686.0 | -3.3 | -0.5,confirmed,observed,10-day
2025-04-30,2025-05-07,nbs_10day,nbs,1,feed.sulfuric_acid,98%,China,661.4,CNY,t,market,domestic,survey,https://www.stats.gov.cn/sj/zxfb/202505/t20250506_1959568.html,1.0,硫酸（98%） | 吨 | 661.4 | -24.6 | -3.6,confirmed,observed,10-day
2025-05-10,2025-05-14,nbs_10day,nbs,1,feed.sulfuric_acid,98%,China,625.5,CNY,t,market,domestic,survey,https://www.stats.gov.cn/sj/zxfb/202505/t20250514_1959792.html,1.0,硫酸（98%） | 吨 | 625.5 | -35.9 | -5.4,confirmed,observed,10-day
2025-05-20,2025-05-24,nbs_10day,nbs,1,feed.sulfuric_acid,98%,China,617.2,CNY,t,market,domestic,survey,https://www.stats.gov.cn/sj/zxfb/202505/t20250523_1959935.html,1.0,硫酸（98%） | 吨 | 617.2 | -8.3 | -1.3,confirmed,observed,10-day
2025-05-31,2025-06-04,nbs_10day,nbs,1,feed.sulfuric_acid,98%,China,621.8,CNY,t,market,domestic,survey,https://www.stats.gov.cn/sj/zxfb/202506/t20250603_1959991.html,1.0,硫酸（98%） | 吨 | 621.8 | 4.6 | 0.7,confirmed,observed,10-day
2025-06-10,2025-06-14,nbs_10day,nbs,1,feed.sulfuric_acid,98%,China,635.8,CNY,t,market,domestic,survey,https://www.stats.gov.cn/sj/zxfb/202506/t20250613_1960154.html,1.0,硫酸（98%） | 吨 | 635.8 | 14.0 | 2.3,confirmed,observed,10-day
2025-06-20,2025-06-24,nbs_10day,nbs,1,feed.sulfuric_acid,98%,China,648.9,CNY,t,market,domestic,survey,https://www.stats.gov.cn/sj/zxfb/202506/t20250623_1960227.html,1.0,硫酸（98%） | 吨 | 648.9 | 13.1 | 2.1,confirmed,observed,10-day
2025-06-30,2025-07-04,nbs_10day,nbs,1,feed.sulfuric_acid,98%,China,659.9,CNY,t,market,domestic,survey,https://www.stats.gov.cn/sj/zxfb/202507/t20250703_1960315.html,1.0,硫酸（98%） | 吨 | 659.9 | 11.0 | 1.7,confirmed,observed,10-day
2025-07-10,2025-07-14,nbs_10day,nbs,1,feed.sulfuric_acid,98%,China,682.7,CNY,t,market,domestic,survey,https://www.stats.gov.cn/sj/zxfb/202507/t20250714_1960397.html,1.0,硫酸（98%） | 吨 | 682.7 | 22.8 | 3.5,confirmed,observed,10-day
2025-07-20,2025-07-24,nbs_10day,nbs,1,feed.sulfuric_acid,98%,China,694.1,CNY,t,market,domestic,survey,https://www.stats.gov.cn/sj/zxfb/202507/t20250723_1960477.html,1.0,硫酸（98%） | 吨 | 694.1 | 11.4 | 1.7,confirmed,observed,10-day
2025-07-31,2025-08-04,nbs_10day,nbs,1,feed.sulfuric_acid,98%,China,704.3,CNY,t,market,domestic,survey,https://www.stats.gov.cn/sj/zxfb/202508/t20250801_1960583.html,1.0,硫酸（98%） | 吨 | 704.3 | 10.2 | 1.5,confirmed,observed,10-day
2025-08-10,2025-08-14,nbs_10day,nbs,1,feed.sulfuric_acid,98%,China,716.3,CNY,t,market,domestic,survey,https://www.stats.gov.cn/sj/zxfb/202508/t20250813_1960659.html,1.0,硫酸（98%） | 吨 | 716.3 | 12.0 | 1.7,confirmed,observed,10-day
2025-08-20,2025-08-24,nbs_10day,nbs,1,feed.sulfuric_acid,98%,China,718.4,CNY,t,market,domestic,survey,https://www.stats.gov.cn/sj/zxfb/202508/t20250822_1960866.html,1.0,硫酸（98%） | 吨 | 718.4 | 2.1 | 0.3,confirmed,observed,10-day
2025-08-31,2025-09-04,nbs_10day,nbs,1,feed.sulfuric_acid,98%,China,717.2,CNY,t,market,domestic,survey,https://www.stats.gov.cn/sj/zxfb/202509/t20250903_1961000.html,1.0,硫酸（98%） | 吨 | 717.2 | -1.2 | -0.2,confirmed,observed,10-day
2025-09-10,2025-09-14,nbs_10day,nbs,1,feed.sulfuric_acid,98%,China,716.6,CNY,t,market,domestic,survey,https://www.stats.gov.cn/sj/zxfb/202509/t20250912_1961169.html,1.0,硫酸（98%） | 吨 | 716.6 | -0.6 | -0.1,confirmed,observed,10-day
2025-09-20,2025-09-24,nbs_10day,nbs,1,feed.sulfuric_acid,98%,China,685.0,CNY,t,market,domestic,survey,https://www.stats.gov.cn/sj/zxfb/202509/t20250923_1961330.html,1.0,硫酸（98%） | 吨 | 685.0 | -31.6 | -4.4,confirmed,observed,10-day
2025-09-30,2025-10-10,nbs_10day,nbs,1,feed.sulfuric_acid,98%,China,644.6,CNY,t,market,domestic,survey,https://www.stats.gov.cn/sj/zxfb/202510/t20251009_1961456.html,1.0,硫酸（98%） | 吨 | 644.6 | -40.4 | -5.9,confirmed,observed,10-day
2025-10-20,2025-10-24,nbs_10day,nbs,1,feed.sulfuric_acid,98%,China,654.7,CNY,t,market,domestic,survey,https://www.stats.gov.cn/sj/zxfb/202510/t20251023_1961676.html,1.0,硫酸（98%） | 吨 | 654.7 | 10.1 | 1.6,confirmed,observed,10-day
2025-10-31,2025-11-04,nbs_10day,nbs,1,feed.sulfuric_acid,98%,China,714.3,CNY,t,market,domestic,survey,https://www.stats.gov.cn/sj/zxfb/202511/t20251103_1961784.html,1.0,硫酸（98%） | 吨 | 714.3 | 59.6 | 9.1,confirmed,observed,10-day
2025-11-10,2025-11-14,nbs_10day,nbs,1,feed.sulfuric_acid,98%,China,785.3,CNY,t,market,domestic,survey,https://www.stats.gov.cn/sj/zxfb/202511/t20251113_1961845.html,1.0,硫酸（98%） | 吨 | 785.3 | 71.0 | 9.9,confirmed,observed,10-day
2025-11-20,2025-11-24,nbs_10day,nbs,1,feed.sulfuric_acid,98%,China,866.9,CNY,t,market,domestic,survey,https://www.stats.gov.cn/sj/zxfb/202511/t20251124_1961911.html,1.0,硫酸（98%） | 吨 | 866.9 | 81.6 | 10.4,confirmed,observed,10-day
2025-11-30,2025-12-04,nbs_10day,nbs,1,feed.sulfuric_acid,98%,China,939.5,CNY,t,market,domestic,survey,https://www.stats.gov.cn/sj/zxfb/202512/t20251203_1961979.html,1.0,硫酸（98%） | 吨 | 939.5 | 72.6 | 8.4,confirmed,observed,10-day
2025-12-10,2025-12-14,nbs_10day,nbs,1,feed.sulfuric_acid,98%,China,1013.9,CNY,t,market,domestic,survey,https://www.stats.gov.cn/sj/zxfb/202512/t20251212_1962058.html,1.0,硫酸（98%） | 吨 | 1013.9 | 74.4 | 7.9,confirmed,observed,10-day
2025-12-20,2025-12-24,nbs_10day,nbs,1,feed.sulfuric_acid,98%,China,1057.9,CNY,t,market,domestic,survey,https://www.stats.gov.cn/sj/zxfb/202512/t20251223_1962128.html,1.0,硫酸（98%） | 吨 | 1057.9 | 44.0 | 4.3,confirmed,observed,10-day
2025-12-31,2026-01-04,nbs_10day,nbs,1,feed.sulfuric_acid,98%,China,1056.0,CNY,t,market,domestic,survey,https://www.stats.gov.cn/sj/zxfb/202601/t20260104_1962240.html,1.0,硫酸（98%） | 吨 | 1056.0 | -1.9 | -0.2,confirmed,observed,10-day
2026-01-10,2026-01-14,nbs_10day,nbs,1,feed.sulfuric_acid,98%,China,1044.0,CNY,t,market,domestic,survey,https://www.stats.gov.cn/sj/zxfb/202601/t20260113_1962302.html,1.0,硫酸（98%） | 吨 | 1044.0 | -12.0 | -1.1,confirmed,observed,10-day
2026-01-20,2026-01-24,nbs_10day,nbs,1,feed.sulfuric_acid,98%,China,1040.8,CNY,t,market,domestic,survey,https://www.stats.gov.cn/sj/zxfb/202601/t20260123_1962369.html,1.0,硫酸（98%） | 吨 | 1040.8 | -3.2 | -0.3,confirmed,observed,10-day
2026-01-31,2026-02-04,nbs_10day,nbs,1,feed.sulfuric_acid,98%,China,1054.4,CNY,t,market,domestic,survey,https://www.stats.gov.cn/sj/zxfb/202602/t20260204_1962539.html,1.0,硫酸（98%） | 吨 | 1054.4 | 13.6 | 1.3,confirmed,observed,10-day
2026-02-10,2026-02-14,nbs_10day,nbs,1,feed.sulfuric_acid,98%,China,1089.4,CNY,t,market,domestic,survey,https://www.stats.gov.cn/sj/zxfb/202602/t20260213_1962621.html,1.0,硫酸（98%） | 吨 | 1089.4 | 35.0 | 3.3,confirmed,observed,10-day
2026-02-28,2026-03-04,nbs_10day,nbs,1,feed.sulfuric_acid,98%,China,1112.6,CNY,t,market,domestic,survey,https://www.stats.gov.cn/sj/zxfb/202603/t20260303_1962691.html,1.0,硫酸（98%） | 吨 | 1112.6 | 23.2 | 2.1,confirmed,observed,10-day
2026-03-10,2026-03-14,nbs_10day,nbs,1,feed.sulfuric_acid,98%,China,1178.9,CNY,t,market,domestic,survey,https://www.stats.gov.cn/sj/zxfb/202603/t20260312_1962756.html,1.0,硫酸（98%） | 吨 | 1178.9 | 66.3 | 6.0,confirmed,observed,10-day
2026-03-20,2026-03-24,nbs_10day,nbs,1,feed.sulfuric_acid,98%,China,1260.4,CNY,t,market,domestic,survey,https://www.stats.gov.cn/sj/zxfb/202603/t20260323_1962824.html,1.0,硫酸（98%） | 吨 | 1260.4 | 81.5 | 6.9,confirmed,observed,10-day
2026-03-31,2026-04-04,nbs_10day,nbs,1,feed.sulfuric_acid,98%,China,1477.3,CNY,t,market,domestic,survey,https://www.stats.gov.cn/sj/zxfb/202604/t20260403_1962983.html,1.0,硫酸（98%） | 吨 | 1477.3 | 216.9 | 17.2,confirmed,observed,10-day
2026-04-10,2026-04-14,nbs_10day,nbs,1,feed.sulfuric_acid,98%,China,1782.8,CNY,t,market,domestic,survey,https://www.stats.gov.cn/sj/zxfb/202604/t20260413_1963295.html,1.0,硫酸（98%） | 吨 | 1782.8 | 305.5 | 20.7,confirmed,observed,10-day
2026-04-20,2026-04-24,nbs_10day,nbs,1,feed.sulfuric_acid,98%,China,1871.7,CNY,t,market,domestic,survey,https://www.stats.gov.cn/sj/zxfb/202604/t20260424_1963388.html,1.0,硫酸（98%） | 吨 | 1871.7 | 88.9 | 5.0,confirmed,observed,10-day
2026-04-30,2026-05-07,nbs_10day,nbs,1,feed.sulfuric_acid,98%,China,1820.6,CNY,t,market,domestic,survey,https://www.stats.gov.cn/sj/zxfb/202605/t20260506_1963594.html,1.0,硫酸（98%） | 吨 | 1820.6 | -51.1 | -2.7,confirmed,observed,10-day
2026-05-10,2026-05-14,nbs_10day,nbs,1,feed.sulfuric_acid,98%,China,1834.8,CNY,t,market,domestic,survey,https://www.stats.gov.cn/sj/zxfb/202605/t20260514_1963691.html,1.0,硫酸（98%） | 吨 | 1834.8 | 14.2 | 0.8,confirmed,observed,10-day
2026-05-20,2026-05-24,nbs_10day,nbs,1,feed.sulfuric_acid,98%,China,1867.5,CNY,t,market,domestic,survey,https://www.stats.gov.cn/sj/zxfb/202605/t20260522_1963786.html,1.0,硫酸（98%） | 吨 | 1867.5 | 32.7 | 1.8,confirmed,observed,10-day
2026-05-31,2026-06-04,nbs_10day,nbs,1,feed.sulfuric_acid,98%,China,1872.8,CNY,t,market,domestic,survey,https://www.stats.gov.cn/sj/zxfb/202606/t20260603_1963874.html,1.0,硫酸（98%） | 吨 | 1872.8 | 5.3 | 0.3,confirmed,observed,10-day
2026-06-10,2026-06-14,nbs_10day,nbs,1,feed.sulfuric_acid,98%,China,1899.8,CNY,t,market,domestic,survey,https://www.stats.gov.cn/sj/zxfb/202606/t20260612_1963938.html,1.0,硫酸（98%） | 吨 | 1899.8 | 27.0 | 1.4,confirmed,observed,10-day
2026-06-20,2026-06-24,nbs_10day,nbs,1,feed.sulfuric_acid,98%,China,2036.5,CNY,t,market,domestic,survey,https://www.stats.gov.cn/sj/zxfb/202606/t20260623_1963989.html,1.0,硫酸（98%） | 吨 | 2036.5 | 136.7 | 7.2,confirmed,observed,10-day
2026-06-30,2026-07-04,nbs_10day,nbs,1,feed.sulfuric_acid,98%,China,2075.0,CNY,t,market,domestic,survey,https://www.stats.gov.cn/sj/zxfb/202607/t20260703_1964057.html,1.0,硫酸（98%） | 吨 | 2075.0 | 38.5 | 1.9,confirmed,observed,10-day
2026-07-10,2026-07-14,nbs_10day,nbs,1,feed.sulfuric_acid,98%,China,2105.0,CNY,t,market,domestic,survey,https://www.stats.gov.cn/sj/zxfb/202607/t20260713_1964100.html,1.0,硫酸（98%） | 吨 | 2105.0 | 30.0 | 1.4,confirmed,observed,10-day
2026-07-20,2026-07-24,nbs_10day,nbs,1,feed.sulfuric_acid,98%,China,2081.8,CNY,t,market,domestic,survey,https://www.stats.gov.cn/sj/zxfb/202607/t20260723_1964185.html,1.0,硫酸（98%） | 吨 | 2081.8 | -23.2 | -1.1,confirmed,observed,10-day
2026-07-31,2026-08-04,nbs_10day,nbs,1,feed.sulfuric_acid,98%,China,2037.8,CNY,t,market,domestic,survey,https://www.stats.gov.cn/sj/zxfb/202608/t20260803_1964273.html,1.0,硫酸（98%） | 吨 | 2037.8 | -44.0 | -2.1,confirmed,observed,10-day
2026-08-10,2026-08-14,nbs_10day,nbs,1,feed.sulfuric_acid,98%,China,1983.7,CNY,t,market,domestic,survey,https://www.stats.gov.cn/sj/zxfb/202608/t20260813_1965025.html,1.0,硫酸（98%） | 吨 | 1983.7 | -54.1 | -2.7,confirmed,observed,10-day
2026-08-20,2026-08-24,nbs_10day,nbs,1,feed.sulfuric_acid,98%,China,1940.6,CNY,t,market,domestic,survey,https://www.stats.gov.cn/sj/zxfb/202608/t20260821_1965093.html,1.0,硫酸（98%） | 吨 | 1940.6 | -43.1 | -2.2,confirmed,observed,10-day
2026-08-31,2026-09-04,nbs_10day,nbs,1,feed.sulfuric_acid,98%,China,1903.8,CNY,t,market,domestic,survey,https://www.stats.gov.cn/sj/zxfb/202609/t20260903_1965182.html,1.0,硫酸（98%） | 吨 | 1903.8 | -36.8 | -1.9,confirmed,observed,10-day
2026-09-10,2026-09-14,nbs_10day,nbs,1,feed.sulfuric_acid,98%,China,1835.7,CNY,t,market,domestic,survey,https://www.stats.gov.cn/sj/zxfb/202609/t20260914_1965293.html,1.0,硫酸（98%） | 吨 | 1835.7 | -68.1 | -3.6,confirmed,observed,10-day
2026-09-20,2026-09-24,nbs_10day,nbs,1,feed.sulfuric_acid,98%,China,1777.3,CNY,t,market,domestic,survey,https://www.stats.gov.cn/sj/zxfb/202609/t20260923_1965403.html,1.0,硫酸（98%） | 吨 | 1777.3 | -58.4 | -3.2,confirmed,observed,10-day
2026-09-30,2026-10-09,nbs_10day,nbs,1,feed.sulfuric_acid,98%,China,1696.5,CNY,t,market,domestic,survey,https://www.stats.gov.cn/sj/zxfb/202610/t20261008_1965465.html,1.0,硫酸（98%） | 吨 | 1696.5 | -80.8 | -4.5,confirmed,observed,10-day
